type,x,s,forward,strike,price,ref_stddev,status,cond
call,-30,1e-08,0x1.9000000000000p+6,0x1.e5f6f0110fff2p+49,0x0.0p+0,nan,skip
call,-30,1e-07,0x1.9000000000000p+6,0x1.e5f6f0110fff2p+49,0x0.0p+0,nan,skip
call,-30,1e-06,0x1.9000000000000p+6,0x1.e5f6f0110fff2p+49,0x0.0p+0,nan,skip
call,-30,1e-05,0x1.9000000000000p+6,0x1.e5f6f0110fff2p+49,0x0.0p+0,nan,skip
call,-30,0.0001,0x1.9000000000000p+6,0x1.e5f6f0110fff2p+49,0x0.0p+0,nan,skip
call,-30,0.001,0x1.9000000000000p+6,0x1.e5f6f0110fff2p+49,0x0.0p+0,nan,skip
call,-30,0.003,0x1.9000000000000p+6,0x1.e5f6f0110fff2p+49,0x0.0p+0,nan,skip
call,-30,0.01,0x1.9000000000000p+6,0x1.e5f6f0110fff2p+49,0x0.0p+0,nan,skip
call,-30,0.03,0x1.9000000000000p+6,0x1.e5f6f0110fff2p+49,0x0.0p+0,nan,skip
call,-30,0.1,0x1.9000000000000p+6,0x1.e5f6f0110fff2p+49,0x0.0p+0,nan,skip
call,-30,0.2,0x1.9000000000000p+6,0x1.e5f6f0110fff2p+49,0x0.0p+0,nan,skip
call,-30,0.3,0x1.9000000000000p+6,0x1.e5f6f0110fff2p+49,0x0.0p+0,nan,skip
call,-30,0.5,0x1.9000000000000p+6,0x1.e5f6f0110fff2p+49,0x0.0p+0,nan,skip
call,-30,1,0x1.9000000000000p+6,0x1.e5f6f0110fff2p+49,0x1.adb86e548d62bp-633,0x1.0000000000000p+0,ok,1.0
call,-30,2,0x1.9000000000000p+6,0x1.e5f6f0110fff2p+49,0x1.13cdec76b265bp-143,0x1.0000000000000p+1,ok,1.0
call,-30,3,0x1.9000000000000p+6,0x1.e5f6f0110fff2p+49,0x1.1845e0d17db75p-52,0x1.8000000000000p+1,ok,1.0
call,-30,5,0x1.9000000000000p+6,0x1.e5f6f0110fff2p+49,0x1.ae5475fa14b3ap-7,0x1.4000000000000p+2,ok,1.0
call,-25,1e-08,0x1.9000000000000p+6,0x1.a31fa942eaa5ap+42,0x0.0p+0,nan,skip
call,-25,1e-07,0x1.9000000000000p+6,0x1.a31fa942eaa5ap+42,0x0.0p+0,nan,skip
call,-25,1e-06,0x1.9000000000000p+6,0x1.a31fa942eaa5ap+42,0x0.0p+0,nan,skip
call,-25,1e-05,0x1.9000000000000p+6,0x1.a31fa942eaa5ap+42,0x0.0p+0,nan,skip
call,-25,0.0001,0x1.9000000000000p+6,0x1.a31fa942eaa5ap+42,0x0.0p+0,nan,skip
call,-25,0.001,0x1.9000000000000p+6,0x1.a31fa942eaa5ap+42,0x0.0p+0,nan,skip
call,-25,0.003,0x1.9000000000000p+6,0x1.a31fa942eaa5ap+42,0x0.0p+0,nan,skip
call,-25,0.01,0x1.9000000000000p+6,0x1.a31fa942eaa5ap+42,0x0.0p+0,nan,skip
call,-25,0.03,0x1.9000000000000p+6,0x1.a31fa942eaa5ap+42,0x0.0p+0,nan,skip
call,-25,0.1,0x1.9000000000000p+6,0x1.a31fa942eaa5ap+42,0x0.0p+0,nan,skip
call,-25,0.2,0x1.9000000000000p+6,0x1.a31fa942eaa5ap+42,0x0.0p+0,nan,skip
call,-25,0.3,0x1.9000000000000p+6,0x1.a31fa942eaa5ap+42,0x0.0p+0,nan,skip
call,-25,0.5,0x1.9000000000000p+6,0x1.a31fa942eaa5ap+42,0x0.0p+0,nan,skip
call,-25,1,0x1.9000000000000p+6,0x1.a31fa942eaa5ap+42,0x1.06541a09e77d8p-437,0x1.0000000000000p+0,ok,1.0
call,-25,2,0x1.9000000000000p+6,0x1.a31fa942eaa5ap+42,0x1.87cb4c884d591p-97,0x1.0000000000000p+1,ok,1.0
call,-25,3,0x1.9000000000000p+6,0x1.a31fa942eaa5ap+42,0x1.0fbe181a8fd03p-33,0x1.8000000000000p+1,ok,1.0
call,-25,5,0x1.9000000000000p+6,0x1.a31fa942eaa5ap+42,0x1.90987d268b9f2p-2,0x1.4000000000000p+2,ok,1.0
call,-20,1e-08,0x1.9000000000000p+6,0x1.6979eace9f543p+35,0x0.0p+0,nan,skip
call,-20,1e-07,0x1.9000000000000p+6,0x1.6979eace9f543p+35,0x0.0p+0,nan,skip
call,-20,1e-06,0x1.9000000000000p+6,0x1.6979eace9f543p+35,0x0.0p+0,nan,skip
call,-20,1e-05,0x1.9000000000000p+6,0x1.6979eace9f543p+35,0x0.0p+0,nan,skip
call,-20,0.0001,0x1.9000000000000p+6,0x1.6979eace9f543p+35,0x0.0p+0,nan,skip
call,-20,0.001,0x1.9000000000000p+6,0x1.6979eace9f543p+35,0x0.0p+0,nan,skip
call,-20,0.003,0x1.9000000000000p+6,0x1.6979eace9f543p+35,0x0.0p+0,nan,skip
call,-20,0.01,0x1.9000000000000p+6,0x1.6979eace9f543p+35,0x0.0p+0,nan,skip
call,-20,0.03,0x1.9000000000000p+6,0x1.6979eace9f543p+35,0x0.0p+0,nan,skip
call,-20,0.1,0x1.9000000000000p+6,0x1.6979eace9f543p+35,0x0.0p+0,nan,skip
call,-20,0.2,0x1.9000000000000p+6,0x1.6979eace9f543p+35,0x0.0p+0,nan,skip
call,-20,0.3,0x1.9000000000000p+6,0x1.6979eace9f543p+35,0x0.0p+0,nan,skip
call,-20,0.5,0x1.9000000000000p+6,0x1.6979eace9f543p+35,0x0.0p+0,nan,skip
call,-20,1,0x1.9000000000000p+6,0x1.6979eace9f543p+35,0x1.4b4e1db36a0e7p-278,0x1.0000000000000p+0,ok,1.0
call,-20,2,0x1.9000000000000p+6,0x1.6979eace9f543p+35,0x1.29836a2afa7fdp-59,0x1.0000000000000p+1,ok,1.0
call,-20,3,0x1.9000000000000p+6,0x1.6979eace9f543p+35,0x1.1b84bb4d7420cp-18,0x1.8000000000000p+1,ok,1.0
call,-20,5,0x1.9000000000000p+6,0x1.6979eace9f543p+35,0x1.2eddf1cc7c9d8p+2,0x1.4000000000000p+2,ok,1.0
call,-15,1e-08,0x1.9000000000000p+6,0x1.37c1fe93f4939p+28,0x0.0p+0,nan,skip
call,-15,1e-07,0x1.9000000000000p+6,0x1.37c1fe93f4939p+28,0x0.0p+0,nan,skip
call,-15,1e-06,0x1.9000000000000p+6,0x1.37c1fe93f4939p+28,0x0.0p+0,nan,skip
call,-15,1e-05,0x1.9000000000000p+6,0x1.37c1fe93f4939p+28,0x0.0p+0,nan,skip
call,-15,0.0001,0x1.9000000000000p+6,0x1.37c1fe93f4939p+28,0x0.0p+0,nan,skip
call,-15,0.001,0x1.9000000000000p+6,0x1.37c1fe93f4939p+28,0x0.0p+0,nan,skip
call,-15,0.003,0x1.9000000000000p+6,0x1.37c1fe93f4939p+28,0x0.0p+0,nan,skip
call,-15,0.01,0x1.9000000000000p+6,0x1.37c1fe93f4939p+28,0x0.0p+0,nan,skip
call,-15,0.03,0x1.9000000000000p+6,0x1.37c1fe93f4939p+28,0x0.0p+0,nan,skip
call,-15,0.1,0x1.9000000000000p+6,0x1.37c1fe93f4939p+28,0x0.0p+0,nan,skip
call,-15,0.2,0x1.9000000000000p+6,0x1.37c1fe93f4939p+28,0x0.0p+0,nan,skip
call,-15,0.3,0x1.9000000000000p+6,0x1.37c1fe93f4939p+28,0x0.0p+0,nan,skip
call,-15,0.5,0x1.9000000000000p+6,0x1.37c1fe93f4939p+28,0x1.0b3da0d3bc844p-644,0x1.0000000000000p-1,ok,1.0
call,-15,1,0x1.9000000000000p+6,0x1.37c1fe93f4939p+28,0x1.c51473e893fb6p-155,0x1.0000000000000p+0,ok,1.0
call,-15,2,0x1.9000000000000p+6,0x1.37c1fe93f4939p+28,0x1.f831c1004ad57p-31,0x1.0000000000000p+1,ok,1.0
call,-15,3,0x1.9000000000000p+6,0x1.37c1fe93f4939p+28,0x1.4c169e3cdc665p-7,0x1.8000000000000p+1,ok,1.0
call,-15,5,0x1.9000000000000p+6,0x1.37c1fe93f4939p+28,0x1.8a56269b932a6p+4,0x1.4000000000000p+2,ok,1.0
call,-10,1e-08,0x1.9000000000000p+6,0x1.0ce0b4a2c6c33p+21,0x0.0p+0,nan,skip
call,-10,1e-07,0x1.9000000000000p+6,0x1.0ce0b4a2c6c33p+21,0x0.0p+0,nan,skip
call,-10,1e-06,0x1.9000000000000p+6,0x1.0ce0b4a2c6c33p+21,0x0.0p+0,nan,skip
call,-10,1e-05,0x1.9000000000000p+6,0x1.0ce0b4a2c6c33p+21,0x0.0p+0,nan,skip
call,-10,0.0001,0x1.9000000000000p+6,0x1.0ce0b4a2c6c33p+21,0x0.0p+0,nan,skip
call,-10,0.001,0x1.9000000000000p+6,0x1.0ce0b4a2c6c33p+21,0x0.0p+0,nan,skip
call,-10,0.003,0x1.9000000000000p+6,0x1.0ce0b4a2c6c33p+21,0x0.0p+0,nan,skip
call,-10,0.01,0x1.9000000000000p+6,0x1.0ce0b4a2c6c33p+21,0x0.0p+0,nan,skip
call,-10,0.03,0x1.9000000000000p+6,0x1.0ce0b4a2c6c33p+21,0x0.0p+0,nan,skip
call,-10,0.1,0x1.9000000000000p+6,0x1.0ce0b4a2c6c33p+21,0x0.0p+0,nan,skip
call,-10,0.2,0x1.9000000000000p+6,0x1.0ce0b4a2c6c33p+21,0x0.0p+0,nan,skip
call,-10,0.3,0x1.9000000000000p+6,0x1.0ce0b4a2c6c33p+21,0x1.1ded35f31f662p-801,0x1.3333333333333p-2,ok,1.0
call,-10,0.5,0x1.9000000000000p+6,0x1.0ce0b4a2c6c33p+21,0x1.39acf0e18d9f9p-286,0x1.0000000000000p-1,ok,1.0
call,-10,1,0x1.9000000000000p+6,0x1.0ce0b4a2c6c33p+21,0x1.72b6aadfa1fe9p-67,0x1.0000000000000p+0,ok,1.0
call,-10,2,0x1.9000000000000p+6,0x1.0ce0b4a2c6c33p+21,0x1.04939267826bfp-10,0x1.0000000000000p+1,ok,1.0
call,-10,3,0x1.9000000000000p+6,0x1.0ce0b4a2c6c33p+21,0x1.dbe43db383683p+0,0x1.8000000000000p+1,ok,1.0
call,-10,5,0x1.9000000000000p+6,0x1.0ce0b4a2c6c33p+21,0x1.ed4c8a3ca781ap+5,0x1.4000000000000p+2,ok,1.0
call,-7.5,1e-08,0x1.9000000000000p+6,0x1.61221ee7b08b7p+17,0x0.0p+0,nan,skip
call,-7.5,1e-07,0x1.9000000000000p+6,0x1.61221ee7b08b7p+17,0x0.0p+0,nan,skip
call,-7.5,1e-06,0x1.9000000000000p+6,0x1.61221ee7b08b7p+17,0x0.0p+0,nan,skip
call,-7.5,1e-05,0x1.9000000000000p+6,0x1.61221ee7b08b7p+17,0x0.0p+0,nan,skip
call,-7.5,0.0001,0x1.9000000000000p+6,0x1.61221ee7b08b7p+17,0x0.0p+0,nan,skip
call,-7.5,0.001,0x1.9000000000000p+6,0x1.61221ee7b08b7p+17,0x0.0p+0,nan,skip
call,-7.5,0.003,0x1.9000000000000p+6,0x1.61221ee7b08b7p+17,0x0.0p+0,nan,skip
call,-7.5,0.01,0x1.9000000000000p+6,0x1.61221ee7b08b7p+17,0x0.0p+0,nan,skip
call,-7.5,0.03,0x1.9000000000000p+6,0x1.61221ee7b08b7p+17,0x0.0p+0,nan,skip
call,-7.5,0.1,0x1.9000000000000p+6,0x1.61221ee7b08b7p+17,0x0.0p+0,nan,skip
call,-7.5,0.2,0x1.9000000000000p+6,0x1.61221ee7b08b7p+17,0x1.751a07871eedbp-1017,0x1.999999999999ap-3,ok,1.0
call,-7.5,0.3,0x1.9000000000000p+6,0x1.61221ee7b08b7p+17,0x1.c9b43293f1a75p-452,0x1.3333333333333p-2,ok,1.0
call,-7.5,0.5,0x1.9000000000000p+6,0x1.61221ee7b08b7p+17,0x1.762ee27e7de01p-161,0x1.0000000000000p-1,ok,1.0
call,-7.5,1,0x1.9000000000000p+6,0x1.61221ee7b08b7p+17,0x1.10be39e494f6ap-36,0x1.0000000000000p+0,ok,1.0
call,-7.5,2,0x1.9000000000000p+6,0x1.61221ee7b08b7p+17,0x1.d349129686fddp-4,0x1.0000000000000p+1,ok,1.0
call,-7.5,3,0x1.9000000000000p+6,0x1.61221ee7b08b7p+17,0x1.44749399d7ef9p+3,0x1.8000000000000p+1,ok,1.0
call,-7.5,5,0x1.9000000000000p+6,0x1.61221ee7b08b7p+17,0x1.39a1f9df6fa53p+6,0x1.4000000000000p+2,ok,1.0
call,-5,1e-08,0x1.9000000000000p+6,0x1.cfca86fbf508fp+13,0x0.0p+0,nan,skip
call,-5,1e-07,0x1.9000000000000p+6,0x1.cfca86fbf508fp+13,0x0.0p+0,nan,skip
call,-5,1e-06,0x1.9000000000000p+6,0x1.cfca86fbf508fp+13,0x0.0p+0,nan,skip
call,-5,1e-05,0x1.9000000000000p+6,0x1.cfca86fbf508fp+13,0x0.0p+0,nan,skip
call,-5,0.0001,0x1.9000000000000p+6,0x1.cfca86fbf508fp+13,0x0.0p+0,nan,skip
call,-5,0.001,0x1.9000000000000p+6,0x1.cfca86fbf508fp+13,0x0.0p+0,nan,skip
call,-5,0.003,0x1.9000000000000p+6,0x1.cfca86fbf508fp+13,0x0.0p+0,nan,skip
call,-5,0.01,0x1.9000000000000p+6,0x1.cfca86fbf508fp+13,0x0.0p+0,nan,skip
call,-5,0.03,0x1.9000000000000p+6,0x1.cfca86fbf508fp+13,0x0.0p+0,nan,skip
call,-5,0.1,0x1.9000000000000p+6,0x1.cfca86fbf508fp+13,0x0.0p+0,nan,skip
call,-5,0.2,0x1.9000000000000p+6,0x1.cfca86fbf508fp+13,0x1.5fe088e08cb6bp-454,0x1.999999999999ap-3,ok,1.0
call,-5,0.3,0x1.9000000000000p+6,0x1.cfca86fbf508fp+13,0x1.95b3a9face174p-202,0x1.3333333333333p-2,ok,1.0
call,-5,0.5,0x1.9000000000000p+6,0x1.cfca86fbf508fp+13,0x1.0ae5ada451be5p-71,0x1.0000000000000p-1,ok,1.0
call,-5,1,0x1.9000000000000p+6,0x1.cfca86fbf508fp+13,0x1.e60339d7815c4p-15,0x1.0000000000000p+0,ok,1.0
call,-5,2,0x1.9000000000000p+6,0x1.cfca86fbf508fp+13,0x1.9d359b8d93a10p+1,0x1.0000000000000p+1,ok,1.0
call,-5,3,0x1.9000000000000p+6,0x1.cfca86fbf508fp+13,0x1.ff06e9fc85ff8p+4,0x1.8000000000000p+1,ok,1.0
call,-5,5,0x1.9000000000000p+6,0x1.cfca86fbf508fp+13,0x1.67778f7796fc4p+6,0x1.4000000000000p+2,ok,1.3877150476613112
call,-3,1e-08,0x1.9000000000000p+6,0x1.f6236fb1e8499p+10,0x0.0p+0,nan,skip
call,-3,1e-07,0x1.9000000000000p+6,0x1.f6236fb1e8499p+10,0x0.0p+0,nan,skip
call,-3,1e-06,0x1.9000000000000p+6,0x1.f6236fb1e8499p+10,0x0.0p+0,nan,skip
call,-3,1e-05,0x1.9000000000000p+6,0x1.f6236fb1e8499p+10,0x0.0p+0,nan,skip
call,-3,0.0001,0x1.9000000000000p+6,0x1.f6236fb1e8499p+10,0x0.0p+0,nan,skip
call,-3,0.001,0x1.9000000000000p+6,0x1.f6236fb1e8499p+10,0x0.0p+0,nan,skip
call,-3,0.003,0x1.9000000000000p+6,0x1.f6236fb1e8499p+10,0x0.0p+0,nan,skip
call,-3,0.01,0x1.9000000000000p+6,0x1.f6236fb1e8499p+10,0x0.0p+0,nan,skip
call,-3,0.03,0x1.9000000000000p+6,0x1.f6236fb1e8499p+10,0x0.0p+0,nan,skip
call,-3,0.1,0x1.9000000000000p+6,0x1.f6236fb1e8499p+10,0x1.1792c90fe7ce3p-655,0x1.999999999999ap-4,ok,1.0
call,-3,0.2,0x1.9000000000000p+6,0x1.f6236fb1e8499p+10,0x1.030fd74585157p-165,0x1.999999999999ap-3,ok,1.0
call,-3,0.3,0x1.9000000000000p+6,0x1.f6236fb1e8499p+10,0x1.e0a226381cf7fp-74,0x1.3333333333333p-2,ok,1.0
call,-3,0.5,0x1.9000000000000p+6,0x1.f6236fb1e8499p+10,0x1.2422d70828e63p-25,0x1.0000000000000p-1,ok,1.0
call,-3,1,0x1.9000000000000p+6,0x1.f6236fb1e8499p+10,0x1.3ad0c8c792cbfp-3,0x1.0000000000000p+0,ok,1.0
call,-3,2,0x1.9000000000000p+6,0x1.f6236fb1e8499p+10,0x1.2619d60e190b5p+4,0x1.0000000000000p+1,ok,1.0
call,-3,3,0x1.9000000000000p+6,0x1.f6236fb1e8499p+10,0x1.c563f134f234ep+5,0x1.8000000000000p+1,ok,1.0
call,-3,5,0x1.9000000000000p+6,0x1.f6236fb1e8499p+10,0x1.7cbd4c347fc8cp+6,0x1.4000000000000p+2,ok,2.9012780330063275
call,-2,1e-08,0x1.9000000000000p+6,0x1.7173eb0664d30p+9,0x0.0p+0,nan,skip
call,-2,1e-07,0x1.9000000000000p+6,0x1.7173eb0664d30p+9,0x0.0p+0,nan,skip
call,-2,1e-06,0x1.9000000000000p+6,0x1.7173eb0664d30p+9,0x0.0p+0,nan,skip
call,-2,1e-05,0x1.9000000000000p+6,0x1.7173eb0664d30p+9,0x0.0p+0,nan,skip
call,-2,0.0001,0x1.9000000000000p+6,0x1.7173eb0664d30p+9,0x0.0p+0,nan,skip
call,-2,0.001,0x1.9000000000000p+6,0x1.7173eb0664d30p+9,0x0.0p+0,nan,skip
call,-2,0.003,0x1.9000000000000p+6,0x1.7173eb0664d30p+9,0x0.0p+0,nan,skip
call,-2,0.01,0x1.9000000000000p+6,0x1.7173eb0664d30p+9,0x0.0p+0,nan,skip
call,-2,0.03,0x1.9000000000000p+6,0x1.7173eb0664d30p+9,0x0.0p+0,nan,skip
call,-2,0.1,0x1.9000000000000p+6,0x1.7173eb0664d30p+9,0x1.2f10f2553fb97p-294,0x1.999999999999ap-4,ok,1.0
call,-2,0.2,0x1.9000000000000p+6,0x1.7173eb0664d30p+9,0x1.871540448cc35p-75,0x1.999999999999ap-3,ok,1.0
call,-2,0.3,0x1.9000000000000p+6,0x1.7173eb0664d30p+9,0x1.4e036daa9721fp-33,0x1.3333333333333p-2,ok,1.0
call,-2,0.5,0x1.9000000000000p+6,0x1.7173eb0664d30p+9,0x1.eee2607887c80p-11,0x1.0000000000000p-1,ok,1.0
call,-2,1,0x1.9000000000000p+6,0x1.7173eb0664d30p+9,0x1.0bd291e2413fcp+1,0x1.0000000000000p+0,ok,1.0
call,-2,2,0x1.9000000000000p+6,0x1.7173eb0664d30p+9,0x1.0984b5cc5b76dp+5,0x1.0000000000000p+1,ok,1.0
call,-2,3,0x1.9000000000000p+6,0x1.7173eb0664d30p+9,0x1.125983bad0afcp+6,0x1.8000000000000p+1,ok,1.0
call,-2,5,0x1.9000000000000p+6,0x1.7173eb0664d30p+9,0x1.8356ef8249158p+6,0x1.4000000000001p+2,ok,4.40322787941865
call,-1.5,1e-08,0x1.9000000000000p+6,0x1.c02b3d7dca436p+8,0x0.0p+0,nan,skip
call,-1.5,1e-07,0x1.9000000000000p+6,0x1.c02b3d7dca436p+8,0x0.0p+0,nan,skip
call,-1.5,1e-06,0x1.9000000000000p+6,0x1.c02b3d7dca436p+8,0x0.0p+0,nan,skip
call,-1.5,1e-05,0x1.9000000000000p+6,0x1.c02b3d7dca436p+8,0x0.0p+0,nan,skip
call,-1.5,0.0001,0x1.9000000000000p+6,0x1.c02b3d7dca436p+8,0x0.0p+0,nan,skip
call,-1.5,0.001,0x1.9000000000000p+6,0x1.c02b3d7dca436p+8,0x0.0p+0,nan,skip
call,-1.5,0.003,0x1.9000000000000p+6,0x1.c02b3d7dca436p+8,0x0.0p+0,nan,skip
call,-1.5,0.01,0x1.9000000000000p+6,0x1.c02b3d7dca436p+8,0x0.0p+0,nan,skip
call,-1.5,0.03,0x1.9000000000000p+6,0x1.c02b3d7dca436p+8,0x0.0p+0,nan,skip
call,-1.5,0.1,0x1.9000000000000p+6,0x1.c02b3d7dca436p+8,0x1.eb4fd2766e7dcp-168,0x1.999999999999ap-4,ok,1.0
call,-1.5,0.2,0x1.9000000000000p+6,0x1.c02b3d7dca436p+8,0x1.8673821e04d5ep-43,0x1.999999999999ap-3,ok,1.0
call,-1.5,0.3,0x1.9000000000000p+6,0x1.c02b3d7dca436p+8,0x1.c2f0dd868e707p-19,0x1.3333333333333p-2,ok,1.0
call,-1.5,0.5,0x1.9000000000000p+6,0x1.c02b3d7dca436p+8,0x1.428850c55a055p-5,0x1.0000000000000p-1,ok,1.0
call,-1.5,1,0x1.9000000000000p+6,0x1.c02b3d7dca436p+8,0x1.6adb1d0a69b64p+2,0x1.0000000000000p+0,ok,1.0
call,-1.5,2,0x1.9000000000000p+6,0x1.c02b3d7dca436p+8,0x1.4f56c2f28157fp+5,0x1.0000000000000p+1,ok,1.0
call,-1.5,3,0x1.9000000000000p+6,0x1.c02b3d7dca436p+8,0x1.27c1193cdb42ap+6,0x1.8000000000000p+1,ok,1.0185608608052135
call,-1.5,5,0x1.9000000000000p+6,0x1.c02b3d7dca436p+8,0x1.85dbac83ea880p+6,0x1.3ffffffffffffp+2,ok,5.494891834480188
call,-1,1e-08,0x1.9000000000000p+6,0x1.0fd403ca7e44ap+8,0x0.0p+0,nan,skip
call,-1,1e-07,0x1.9000000000000p+6,0x1.0fd403ca7e44ap+8,0x0.0p+0,nan,skip
call,-1,1e-06,0x1.9000000000000p+6,0x1.0fd403ca7e44ap+8,0x0.0p+0,nan,skip
call,-1,1e-05,0x1.9000000000000p+6,0x1.0fd403ca7e44ap+8,0x0.0p+0,nan,skip
call,-1,0.0001,0x1.9000000000000p+6,0x1.0fd403ca7e44ap+8,0x0.0p+0,nan,skip
call,-1,0.001,0x1.9000000000000p+6,0x1.0fd403ca7e44ap+8,0x0.0p+0,nan,skip
call,-1,0.003,0x1.9000000000000p+6,0x1.0fd403ca7e44ap+8,0x0.0p+0,nan,skip
call,-1,0.01,0x1.9000000000000p+6,0x1.0fd403ca7e44ap+8,0x0.0p+0,nan,skip
call,-1,0.03,0x1.9000000000000p+6,0x1.0fd403ca7e44ap+8,0x1.48e531e386e8dp-811,0x1.eb851eb851eb8p-6,ok,1.0
call,-1,0.1,0x1.9000000000000p+6,0x1.0fd403ca7e44ap+8,0x1.dc2817780cb54p-77,0x1.999999999999ap-4,ok,1.0
call,-1,0.2,0x1.9000000000000p+6,0x1.0fd403ca7e44ap+8,0x1.d7017c03b322dp-20,0x1.999999999999ap-3,ok,1.0
call,-1,0.3,0x1.9000000000000p+6,0x1.0fd403ca7e44ap+8,0x1.67b5f038340c8p-8,0x1.3333333333333p-2,ok,1.0
call,-1,0.5,0x1.9000000000000p+6,0x1.0fd403ca7e44ap+8,0x1.5dacde0b7b05cp-1,0x1.0000000000000p-1,ok,1.0
call,-1,1,0x1.9000000000000p+6,0x1.0fd403ca7e44ap+8,0x1.9632934b264fcp+3,0x1.0000000000000p+0,ok,1.0
call,-1,2,0x1.9000000000000p+6,0x1.0fd403ca7e44ap+8,0x1.97e3ab00af433p+5,0x1.0000000000000p+1,ok,1.0
call,-1,3,0x1.9000000000000p+6,0x1.0fd403ca7e44ap+8,0x1.3b0a50dfd3485p+6,0x1.8000000000000p+1,ok,1.2996796475846488
call,-1,5,0x1.9000000000000p+6,0x1.0fd403ca7e44ap+8,0x1.87f0cfd482859p+6,0x1.4000000000001p+2,ok,6.9181372724389245
call,-0.5,1e-08,0x1.9000000000000p+6,0x1.49be87707752ap+7,0x0.0p+0,nan,skip
call,-0.5,1e-07,0x1.9000000000000p+6,0x1.49be87707752ap+7,0x0.0p+0,nan,skip
call,-0.5,1e-06,0x1.9000000000000p+6,0x1.49be87707752ap+7,0x0.0p+0,nan,skip
call,-0.5,1e-05,0x1.9000000000000p+6,0x1.49be87707752ap+7,0x0.0p+0,nan,skip
call,-0.5,0.0001,0x1.9000000000000p+6,0x1.49be87707752ap+7,0x0.0p+0,nan,skip
call,-0.5,0.001,0x1.9000000000000p+6,0x1.49be87707752ap+7,0x0.0p+0,nan,skip
call,-0.5,0.003,0x1.9000000000000p+6,0x1.49be87707752ap+7,0x0.0p+0,nan,skip
call,-0.5,0.01,0x1.9000000000000p+6,0x1.49be87707752ap+7,0x0.0p+0,nan,skip
call,-0.5,0.03,0x1.9000000000000p+6,0x1.49be87707752ap+7,0x1.14b62936aa89cp-208,0x1.eb851eb851eb8p-6,ok,1.0
call,-0.5,0.1,0x1.9000000000000p+6,0x1.49be87707752ap+7,0x1.701c26d6a14c1p-21,0x1.999999999999ap-4,ok,1.0
call,-0.5,0.2,0x1.9000000000000p+6,0x1.49be87707752ap+7,0x1.a3de9b709787dp-5,0x1.999999999999ap-3,ok,1.0
call,-0.5,0.3,0x1.9000000000000p+6,0x1.49be87707752ap+7,0x1.83c31fee4a83ap-1,0x1.3333333333333p-2,ok,1.0
call,-0.5,0.5,0x1.9000000000000p+6,0x1.49be87707752ap+7,0x1.4f9e39c5ce223p+2,0x1.0000000000000p-1,ok,1.0
call,-0.5,1,0x1.9000000000000p+6,0x1.49be87707752ap+7,0x1.7d79881a59342p+4,0x1.0000000000000p+0,ok,1.0
call,-0.5,2,0x1.9000000000000p+6,0x1.49be87707752ap+7,0x1.df5936f4fd6b8p+5,0x1.0000000000000p+1,ok,1.0
call,-0.5,3,0x1.9000000000000p+6,0x1.49be87707752ap+7,0x1.4bff922908f1dp+6,0x1.8000000000000p+1,ok,1.6868797269260638
call,-0.5,5,0x1.9000000000000p+6,0x1.49be87707752ap+7,0x1.89a5a0dabaef0p+6,0x1.4000000000000p+2,ok,8.788909178064722
call,-0.2,1e-08,0x1.9000000000000p+6,0x1.e88fa476a8d9cp+6,0x0.0p+0,nan,skip
call,-0.2,1e-07,0x1.9000000000000p+6,0x1.e88fa476a8d9cp+6,0x0.0p+0,nan,skip
call,-0.2,1e-06,0x1.9000000000000p+6,0x1.e88fa476a8d9cp+6,0x0.0p+0,nan,skip
call,-0.2,1e-05,0x1.9000000000000p+6,0x1.e88fa476a8d9cp+6,0x0.0p+0,nan,skip
call,-0.2,0.0001,0x1.9000000000000p+6,0x1.e88fa476a8d9cp+6,0x0.0p+0,nan,skip
call,-0.2,0.001,0x1.9000000000000p+6,0x1.e88fa476a8d9cp+6,0x0.0p+0,nan,skip
call,-0.2,0.003,0x1.9000000000000p+6,0x1.e88fa476a8d9cp+6,0x0.0p+0,nan,skip
call,-0.2,0.01,0x1.9000000000000p+6,0x1.e88fa476a8d9cp+6,0x1.8ac82b342d816p-299,0x1.47ae147ae147bp-7,ok,1.0
call,-0.2,0.03,0x1.9000000000000p+6,0x1.e88fa476a8d9cp+6,0x1.b73c020543641p-38,0x1.eb851eb851eb8p-6,ok,1.0
call,-0.2,0.1,0x1.9000000000000p+6,0x1.e88fa476a8d9cp+6,0x1.7ffa555b5579fp-4,0x1.999999999999ap-4,ok,1.0
call,-0.2,0.2,0x1.9000000000000p+6,0x1.e88fa476a8d9cp+6,0x1.d5f1e7c12abfap+0,0x1.999999999999ap-3,ok,1.0
call,-0.2,0.3,0x1.9000000000000p+6,0x1.e88fa476a8d9cp+6,0x1.3eaa44a007248p+2,0x1.3333333333333p-2,ok,1.0
call,-0.2,0.5,0x1.9000000000000p+6,0x1.e88fa476a8d9cp+6,0x1.916f4b379cb8fp+3,0x1.0000000000000p-1,ok,1.0
call,-0.2,1,0x1.9000000000000p+6,0x1.e88fa476a8d9cp+6,0x1.01e6ad2da5e9dp+5,0x1.0000000000000p+0,ok,1.0
call,-0.2,2,0x1.9000000000000p+6,0x1.e88fa476a8d9cp+6,0x1.0418441f1312ep+6,0x1.fffffffffffffp+0,ok,1.2218583590635286
call,-0.2,3,0x1.9000000000000p+6,0x1.e88fa476a8d9cp+6,0x1.5505048b3ed43p+6,0x1.7ffffffffffffp+1,ok,1.989779592378008
call,-0.2,5,0x1.9000000000000p+6,0x1.e88fa476a8d9cp+6,0x1.8a836adec7110p+6,0x1.3fffffffffffcp+2,ok,10.190837704168768
call,-0.1,1e-08,0x1.9000000000000p+6,0x1.ba118083ca14bp+6,0x0.0p+0,nan,skip
call,-0.1,1e-07,0x1.9000000000000p+6,0x1.ba118083ca14bp+6,0x0.0p+0,nan,skip
call,-0.1,1e-06,0x1.9000000000000p+6,0x1.ba118083ca14bp+6,0x0.0p+0,nan,skip
call,-0.1,1e-05,0x1.9000000000000p+6,0x1.ba118083ca14bp+6,0x0.0p+0,nan,skip
call,-0.1,0.0001,0x1.9000000000000p+6,0x1.ba118083ca14bp+6,0x0.0p+0,nan,skip
call,-0.1,0.001,0x1.9000000000000p+6,0x1.ba118083ca14bp+6,0x0.0p+0,nan,skip
call,-0.1,0.003,0x1.9000000000000p+6,0x1.ba118083ca14bp+6,0x1.4f93f400f1ad9p-815,0x1.89374bc6a7efap-9,ok,1.0
call,-0.1,0.01,0x1.9000000000000p+6,0x1.ba118083ca14bp+6,0x1.e65e1caa13ad7p-81,0x1.47ae147ae147bp-7,ok,1.0
call,-0.1,0.03,0x1.9000000000000p+6,0x1.ba118083ca14bp+6,0x1.729b2f45648d1p-12,0x1.eb851eb851eb8p-6,ok,1.0
call,-0.1,0.1,0x1.9000000000000p+6,0x1.ba118083ca14bp+6,0x1.c0172ce9af72fp-1,0x1.999999999999ap-4,ok,1.0
call,-0.1,0.2,0x1.9000000000000p+6,0x1.ba118083ca14bp+6,0x1.097b992f0a886p+2,0x1.999999999999ap-3,ok,1.0
call,-0.1,0.3,0x1.9000000000000p+6,0x1.ba118083ca14bp+6,0x1.fe86f0261a30ep+2,0x1.3333333333333p-2,ok,1.0
call,-0.1,0.5,0x1.9000000000000p+6,0x1.ba118083ca14bp+6,0x1.fda2352a17defp+3,0x1.0000000000000p-1,ok,1.0
call,-0.1,1,0x1.9000000000000p+6,0x1.ba118083ca14bp+6,0x1.19dc31f6073e8p+5,0x1.0000000000000p+0,ok,1.0
call,-0.1,2,0x1.9000000000000p+6,0x1.ba118083ca14bp+6,0x1.0aa7e2ea77123p+6,0x1.0000000000000p+1,ok,1.3119774685333696
call,-0.1,3,0x1.9000000000000p+6,0x1.ba118083ca14bp+6,0x1.57d5a52de63b2p+6,0x1.8000000000000p+1,ok,2.105552367891124
call,-0.1,5,0x1.9000000000000p+6,0x1.ba118083ca14bp+6,0x1.8ac745d5bd7f4p+6,0x1.4000000000004p+2,ok,10.714100655236942
call,-0.05,1e-08,0x1.9000000000000p+6,0x1.a482290762090p+6,0x0.0p+0,nan,skip
call,-0.05,1e-07,0x1.9000000000000p+6,0x1.a482290762090p+6,0x0.0p+0,nan,skip
call,-0.05,1e-06,0x1.9000000000000p+6,0x1.a482290762090p+6,0x0.0p+0,nan,skip
call,-0.05,1e-05,0x1.9000000000000p+6,0x1.a482290762090p+6,0x0.0p+0,nan,skip
call,-0.05,0.0001,0x1.9000000000000p+6,0x1.a482290762090p+6,0x0.0p+0,nan,skip
call,-0.05,0.001,0x1.9000000000000p+6,0x1.a482290762090p+6,0x0.0p+0,nan,skip
call,-0.05,0.003,0x1.9000000000000p+6,0x1.a482290762090p+6,0x1.6192aeb40fc04p-212,0x1.89374bc6a7efap-9,ok,1.0
call,-0.05,0.01,0x1.9000000000000p+6,0x1.a482290762090p+6,0x1.d6da250e924a9p-25,0x1.47ae147ae147bp-7,ok,1.0
call,-0.05,0.03,0x1.9000000000000p+6,0x1.a482290762090p+6,0x1.f38ce41d81761p-5,0x1.eb851eb851eb8p-6,ok,1.0
call,-0.05,0.1,0x1.9000000000000p+6,0x1.a482290762090p+6,0x1.036c674eeb179p+1,0x1.999999999999ap-4,ok,1.0
call,-0.05,0.2,0x1.9000000000000p+6,0x1.a482290762090p+6,0x1.76fe8e1cf62f4p+2,0x1.999999999999ap-3,ok,1.0
call,-0.05,0.3,0x1.9000000000000p+6,0x1.a482290762090p+6,0x1.3aae776ea221ap+3,0x1.3333333333333p-2,ok,1.0
call,-0.05,0.5,0x1.9000000000000p+6,0x1.a482290762090p+6,0x1.1c8673cea7b92p+4,0x1.0000000000000p-1,ok,1.0
call,-0.05,1,0x1.9000000000000p+6,0x1.a482290762090p+6,0x1.260bad4f55e7ep+5,0x1.0000000000000p+0,ok,1.0194993851554033
call,-0.05,2,0x1.9000000000000p+6,0x1.a482290762090p+6,0x1.0de2510f90ecep+6,0x1.0000000000001p+1,ok,1.3601999698475744
call,-0.05,3,0x1.9000000000000p+6,0x1.a482290762090p+6,0x1.5934cd84d130ap+6,0x1.8000000000000p+1,ok,2.166564390169309
call,-0.05,5,0x1.9000000000000p+6,0x1.a482290762090p+6,0x1.8ae81e70b476bp+6,0x1.4000000000001p+2,ok,10.987251485239304
call,-0.01,1e-08,0x1.9000000000000p+6,0x1.940523199a55bp+6,0x0.0p+0,nan,skip
call,-0.01,1e-07,0x1.9000000000000p+6,0x1.940523199a55bp+6,0x0.0p+0,nan,skip
call,-0.01,1e-06,0x1.9000000000000p+6,0x1.940523199a55bp+6,0x0.0p+0,nan,skip
call,-0.01,1e-05,0x1.9000000000000p+6,0x1.940523199a55bp+6,0x0.0p+0,nan,skip
call,-0.01,0.0001,0x1.9000000000000p+6,0x1.940523199a55bp+6,0x0.0p+0,nan,skip
call,-0.01,0.001,0x1.9000000000000p+6,0x1.940523199a55bp+6,0x1.73fa3d3984ffcp-84,0x1.0624dd2f1a9fcp-10,ok,1.0
call,-0.01,0.003,0x1.9000000000000p+6,0x1.940523199a55bp+6,0x1.1b777cf59c302p-15,0x1.89374bc6a7efap-9,ok,1.0
call,-0.01,0.01,0x1.9000000000000p+6,0x1.940523199a55bp+6,0x1.56f7d027f09ecp-4,0x1.47ae147ae147bp-7,ok,1.0
call,-0.01,0.03,0x1.9000000000000p+6,0x1.940523199a55bp+6,0x1.8871a26436653p-1,0x1.eb851eb851eb8p-6,ok,1.0
call,-0.01,0.1,0x1.9000000000000p+6,0x1.940523199a55bp+6,0x1.c33cef40e5c2bp+1,0x1.999999999999ap-4,ok,1.0
call,-0.01,0.2,0x1.9000000000000p+6,0x1.940523199a55bp+6,0x1.e0d5f23e4dce6p+2,0x1.999999999999ap-3,ok,1.0
call,-0.01,0.3,0x1.9000000000000p+6,0x1.940523199a55bp+6,0x1.6f9a0aa84495ap+3,0x1.3333333333333p-2,ok,1.0
call,-0.01,0.5,0x1.9000000000000p+6,0x1.940523199a55bp+6,0x1.357831a7e2f73p+4,0x1.fffffffffffffp-2,ok,1.0
call,-0.01,1,0x1.9000000000000p+6,0x1.940523199a55bp+6,0x1.2fdf97ac582f8p+5,0x1.0000000000000p+0,ok,1.073568342424543
call,-0.01,2,0x1.9000000000000p+6,0x1.940523199a55bp+6,0x1.1070bfa004e73p+6,0x1.fffffffffffffp+0,ok,1.4004019017355887
call,-0.01,3,0x1.9000000000000p+6,0x1.940523199a55bp+6,0x1.5a495a8305b0bp+6,0x1.7ffffffffffffp+1,ok,2.216953215848581
call,-0.01,5,0x1.9000000000000p+6,0x1.940523199a55bp+6,0x1.8b01e352de973p+6,0x1.4000000000004p+2,ok,11.211527713497654
call,-0.001,1e-08,0x1.9000000000000p+6,0x1.90667382f6431p+6,0x0.0p+0,nan,skip
call,-0.001,1e-07,0x1.9000000000000p+6,0x1.90667382f6431p+6,0x0.0p+0,nan,skip
call,-0.001,1e-06,0x1.9000000000000p+6,0x1.90667382f6431p+6,0x0.0p+0,nan,skip
call,-0.001,1e-05,0x1.9000000000000p+6,0x1.90667382f6431p+6,0x0.0p+0,nan,skip
call,-0.001,0.0001,0x1.9000000000000p+6,0x1.90667382f6431p+6,0x1.283ef4ccf1607p-87,0x1.a36e2eb1c432dp-14,ok,1.0
call,-0.001,0.001,0x1.9000000000000p+6,0x1.90667382f6431p+6,0x1.112507d17c7d8p-7,0x1.0624dd2f1a9fcp-10,ok,1.0
call,-0.001,0.003,0x1.9000000000000p+6,0x1.90667382f6431p+6,0x1.388fb9174cecep-4,0x1.89374bc6a7efap-9,ok,1.0
call,-0.001,0.01,0x1.9000000000000p+6,0x1.90667382f6431p+6,0x1.67892bb9b1fd7p-2,0x1.47ae147ae147bp-7,ok,1.0
call,-0.001,0.03,0x1.9000000000000p+6,0x1.90667382f6431p+6,0x1.25e4affcd470fp+0,0x1.eb851eb851eb9p-6,ok,1.0
call,-0.001,0.1,0x1.9000000000000p+6,0x1.90667382f6431p+6,0x1.f84fa35032f87p+1,0x1.999999999999ap-4,ok,1.0
call,-0.001,0.2,0x1.9000000000000p+6,0x1.90667382f6431p+6,0x1.fadb2926b1c51p+2,0x1.999999999999ap-3,ok,1.0
call,-0.001,0.3,0x1.9000000000000p+6,0x1.90667382f6431p+6,0x1.7c25397363183p+3,0x1.3333333333333p-2,ok,1.003320135619058
call,-0.001,0.5,0x1.9000000000000p+6,0x1.90667382f6431p+6,0x1.3b37eda8c5f23p+4,0x1.0000000000000p-1,ok,1.0185140587451726
call,-0.001,1,0x1.9000000000000p+6,0x1.90667382f6431p+6,0x1.3217d711c0d97p+5,0x1.0000000000000p+0,ok,1.0862340269427
call,-0.001,2,0x1.9000000000000p+6,0x1.90667382f6431p+6,0x1.110327e07235ap+6,0x1.0000000000000p+1,ok,1.4096534293033063
call,-0.001,3,0x1.9000000000000p+6,0x1.90667382f6431p+6,0x1.5a870afc51ecbp+6,0x1.8000000000001p+1,ok,2.2284894212735726
call,-0.001,5,0x1.9000000000000p+6,0x1.90667382f6431p+6,0x1.8b079fe1668e8p+6,0x1.4000000000003p+2,ok,11.262709863193278
call,-0.0001,1e-08,0x1.9000000000000p+6,0x1.900a3d92320fap+6,0x0.0p+0,nan,skip
call,-0.0001,1e-07,0x1.9000000000000p+6,0x1.900a3d92320fap+6,0x0.0p+0,nan,skip
call,-0.0001,1e-06,0x1.9000000000000p+6,0x1.900a3d92320fap+6,0x0.0p+0,nan,skip
call,-0.0001,1e-05,0x1.9000000000000p+6,0x1.900a3d92320fap+6,0x1.d9c7bd06660b6p-91,0x1.4f8b588e368f1p-17,ok,1.0
call,-0.0001,0.0001,0x1.9000000000000p+6,0x1.900a3d92320fap+6,0x1.b4d5b9136f67bp-11,0x1.a36e2eb1c432dp-14,ok,1.0
call,-0.0001,0.001,0x1.9000000000000p+6,0x1.900a3d92320fap+6,0x1.1f80264f57df2p-5,0x1.0624dd2f1a9fcp-10,ok,1.0
call,-0.0001,0.003,0x1.9000000000000p+6,0x1.900a3d92320fap+6,0x1.d609317a2e107p-4,0x1.89374bc6a7efap-9,ok,1.0
call,-0.0001,0.01,0x1.9000000000000p+6,0x1.900a3d92320fap+6,0x1.936f8ff242a7bp-2,0x1.47ae147ae147bp-7,ok,1.0
call,-0.0001,0.03,0x1.9000000000000p+6,0x1.900a3d92320fap+6,0x1.311cf6bb2652cp+0,0x1.eb851eb851eb7p-6,ok,1.0
call,-0.0001,0.1,0x1.9000000000000p+6,0x1.900a3d92320fap+6,0x1.fdd1b57b0f133p+1,0x1.999999999999ap-4,ok,1.0
call,-0.0001,0.2,0x1.9000000000000p+6,0x1.900a3d92320fap+6,0x1.fd80799e579d9p+2,0x1.999999999999ap-3,ok,1.0027104629268246
call,-0.0001,0.3,0x1.9000000000000p+6,0x1.900a3d92320fap+6,0x1.7d698dfd17840p+3,0x1.3333333333333p-2,ok,1.007111473675702
call,-0.0001,0.5,0x1.9000000000000p+6,0x1.900a3d92320fap+6,0x1.3bcbc92863bb5p+4,0x1.0000000000000p-1,ok,1.0208375133611347
call,-0.0001,1,0x1.9000000000000p+6,0x1.900a3d92320fap+6,0x1.3250b490be89ep+5,0x1.0000000000000p+0,ok,1.087511031603773
call,-0.0001,2,0x1.9000000000000p+6,0x1.900a3d92320fap+6,0x1.1111c78333ffbp+6,0x1.fffffffffffffp+0,ok,1.4105828211351379
call,-0.0001,3,0x1.9000000000000p+6,0x1.900a3d92320fap+6,0x1.5a8d3378d1915p+6,0x1.8000000000000p+1,ok,2.229647111622928
call,-0.0001,5,0x1.9000000000000p+6,0x1.900a3d92320fap+6,0x1.8b08326b81bdep+6,0x1.3fffffffffffcp+2,ok,11.267842779855087
call,-1e-06,1e-08,0x1.9000000000000p+6,0x1.90001a36e3c70p+6,0x0.0p+0,nan,skip
call,-1e-06,1e-07,0x1.9000000000000p+6,0x1.90001a36e3c70p+6,0x1.2f344f7ccd799p-97,0x1.ad7f29abcaf48p-24,ok,1.0
call,-1e-06,1e-06,0x1.9000000000000p+6,0x1.90001a36e3c70p+6,0x1.178f7ae60b1d3p-17,0x1.0c6f7a0b5ed8dp-20,ok,1.0
call,-1e-06,1e-05,0x1.9000000000000p+6,0x1.90001a36e3c70p+6,0x1.6ffb8862f7a76p-12,0x1.4f8b588e368f1p-17,ok,1.0
call,-1e-06,0.0001,0x1.9000000000000p+6,0x1.90001a36e3c70p+6,0x1.022fed46c14bdp-8,0x1.a36e2eb1c432dp-14,ok,1.0
call,-1e-06,0.001,0x1.9000000000000p+6,0x1.90001a36e3c70p+6,0x1.46677b8edd737p-5,0x1.0624dd2f1a9fcp-10,ok,1.0
call,-1e-06,0.003,0x1.9000000000000p+6,0x1.90001a36e3c70p+6,0x1.ea03fbe88c1dep-4,0x1.89374bc6a7efap-9,ok,1.0
call,-1e-06,0.01,0x1.9000000000000p+6,0x1.90001a36e3c70p+6,0x1.9876d5c339925p-2,0x1.47ae147ae147bp-7,ok,1.0
call,-1e-06,0.03,0x1.9000000000000p+6,0x1.90001a36e3c70p+6,0x1.325d10aa73b07p+0,0x1.eb851eb851eb8p-6,ok,1.0000332226482613
call,-1e-06,0.1,0x1.9000000000000p+6,0x1.90001a36e3c70p+6,0x1.fe6d6287baeddp+1,0x1.999999999999ap-4,ok,1.000821201431422
call,-1e-06,0.2,0x1.9000000000000p+6,0x1.90001a36e3c70p+6,0x1.fdcb1a6e3c0d2p+2,0x1.999999999999ap-3,ok,1.0033337115775656
call,-1e-06,0.3,0x1.9000000000000p+6,0x1.90001a36e3c70p+6,0x1.7d8d44340203fp+3,0x1.3333333333333p-2,ok,1.0075296337867465
call,-1e-06,0.5,0x1.9000000000000p+6,0x1.90001a36e3c70p+6,0x1.3bdc0ec0d0e3dp+4,0x1.fffffffffffffp-2,ok,1.0210935051948353
call,-1e-06,1,0x1.9000000000000p+6,0x1.90001a36e3c70p+6,0x1.3256f600c6d94p+5,0x1.0000000000000p+0,ok,1.0876516187145053
call,-1e-06,2,0x1.9000000000000p+6,0x1.90001a36e3c70p+6,0x1.111363437cf85p+6,0x1.fffffffffffffp+0,ok,1.410685101460087
call,-1e-06,3,0x1.9000000000000p+6,0x1.90001a36e3c70p+6,0x1.5a8de0dad4743p+6,0x1.8000000000001p+1,ok,2.2297745028596228
call,-1e-06,5,0x1.9000000000000p+6,0x1.90001a36e3c70p+6,0x1.8b08428929391p+6,0x1.3ffffffffffffp+2,ok,11.268407564223963
call,0.0,1e-08,0x1.9000000000000p+6,0x1.9000000000000p+6,0x1.ac5c6b456ed36p-22,0x1.5798ee2308c3ap-27,ok,1.0
call,0.0,1e-07,0x1.9000000000000p+6,0x1.9000000000000p+6,0x1.0bb9c30b6543fp-18,0x1.ad7f29abcaf47p-24,ok,1.0000000000000009
call,0.0,1e-06,0x1.9000000000000p+6,0x1.9000000000000p+6,0x1.4ea833ce3e85cp-15,0x1.0c6f7a0b5ed8dp-20,ok,1.0000000000000833
call,0.0,1e-05,0x1.9000000000000p+6,0x1.9000000000000p+6,0x1.a25240c1c6be0p-12,0x1.4f8b588e368f1p-17,ok,1.0000000000083333
call,0.0,0.0001,0x1.9000000000000p+6,0x1.9000000000000p+6,0x1.057368774d022p-8,0x1.a36e2eb1c432ep-14,ok,1.0000000008333334
call,0.0,0.001,0x1.9000000000000p+6,0x1.9000000000000p+6,0x1.46d041b2f38fap-5,0x1.0624dd2f1a9fcp-10,ok,1.0000000833333376
call,0.0,0.003,0x1.9000000000000p+6,0x1.9000000000000p+6,0x1.ea3857d6eaec5p-4,0x1.89374bc6a7efap-9,ok,1.0000007500003374
call,0.0,0.01,0x1.9000000000000p+6,0x1.9000000000000p+6,0x1.9883e3aff8353p-2,0x1.47ae147ae147bp-7,ok,1.000008333375
call,0.0,0.03,0x1.9000000000000p+6,0x1.9000000000000p+6,0x1.32604d79ff680p+0,0x1.eb851eb851eb8p-6,ok,1.0000750033751085
call,0.0,0.1,0x1.9000000000000p+6,0x1.9000000000000p+6,0x1.fe6ef53bb5da1p+1,0x1.999999999999ap-4,ok,1.000833750148851
call,0.0,0.2,0x1.9000000000000p+6,0x1.9000000000000p+6,0x1.fdcbdb70c3308p+2,0x1.999999999999ap-3,ok,1.0033400095344012
call,0.0,0.3,0x1.9000000000000p+6,0x1.9000000000000p+6,0x1.7d8da08ed45aap+3,0x1.3333333333333p-2,ok,1.007533858753904
call,0.0,0.5,0x1.9000000000000p+6,0x1.9000000000000p+6,0x1.3bdc38d4f4be4p+4,0x1.0000000000000p-1,ok,1.0210960913878628
call,0.0,1,0x1.9000000000000p+6,0x1.9000000000000p+6,0x1.3257062de5af3p+5,0x1.fffffffffffffp-1,ok,1.0876530389043013
call,0.0,2,0x1.9000000000000p+6,0x1.9000000000000p+6,0x1.1113676c34a74p+6,0x1.0000000000000p+1,ok,1.4106861346424482
call,0.0,3,0x1.9000000000000p+6,0x1.9000000000000p+6,0x1.5a8de29b2a5f3p+6,0x1.7ffffffffffffp+1,ok,2.2297757896856045
call,0.0,5,0x1.9000000000000p+6,0x1.9000000000000p+6,0x1.8b0842b2d5596p+6,0x1.4000000000003p+2,ok,11.268413269282005
call,1e-06,1e-08,0x1.9000000000000p+6,0x1.8fffe5c91df0dp+6,0x1.a36e20f300000p-14,nan,skip
call,1e-06,1e-07,0x1.9000000000000p+6,0x1.8fffe5c91df0dp+6,0x1.a36e20f300000p-14,nan,skip
call,1e-06,1e-06,0x1.9000000000000p+6,0x1.8fffe5c91df0dp+6,0x1.c6600e057eae5p-14,0x1.0c6f7a0b5ed8cp-20,ok,4.477051811330974
call,1e-06,1e-05,0x1.9000000000000p+6,0x1.8fffe5c91df0dp+6,0x1.d8d6f88203202p-12,0x1.4f8b588e368f1p-17,ok,1.1359930401557243
call,1e-06,0.0001,0x1.9000000000000p+6,0x1.8fffe5c91df0dp+6,0x1.08bd94dee4755p-8,0x1.a36e2eb1c432ep-14,ok,1.0126337722278602
call,1e-06,0.001,0x1.9000000000000p+6,0x1.8fffe5c91df0dp+6,0x1.47391d3b3031bp-5,0x1.0624dd2f1a9fcp-10,ok,1.0012543982544158
call,1e-06,0.003,0x1.9000000000000p+6,0x1.8fffe5c91df0dp+6,0x1.ea6cb753b11e8p-4,0x1.89374bc6a7efap-9,ok,1.0004186329839075
call,1e-06,0.01,0x1.9000000000000p+6,0x1.8fffe5c91df0dp+6,0x1.9890f1e065435p-2,0x1.47ae147ae147bp-7,ok,1.0001336763561717
call,1e-06,0.03,0x1.9000000000000p+6,0x1.8fffe5c91df0dp+6,0x1.32638a4f0ac77p+0,0x1.eb851eb851eb7p-6,ok,1.0001167863245104
call,1e-06,0.1,0x1.9000000000000p+6,0x1.8fffe5c91df0dp+6,0x1.fe7087f0716dfp+1,0x1.999999999999ap-4,ok,1.0008462990666132
call,1e-06,0.2,0x1.9000000000000p+6,0x1.8fffe5c91df0dp+6,0x1.fdcc9c73743c3p+2,0x1.999999999999ap-3,ok,1.003346307541571
call,1e-06,0.3,0x1.9000000000000p+6,0x1.8fffe5c91df0dp+6,0x1.7d8dfce9b2b66p+3,0x1.3333333333333p-2,ok,1.007538083743619
call,1e-06,0.5,0x1.9000000000000p+6,0x1.8fffe5c91df0dp+6,0x1.3bdc62e91b273p+4,0x1.0000000000000p-1,ok,1.02109867758923
call,1e-06,1,0x1.9000000000000p+6,0x1.8fffe5c91df0dp+6,0x1.3257165b04ab8p+5,0x1.0000000000000p+0,ok,1.087654459096457
call,1e-06,2,0x1.9000000000000p+6,0x1.8fffe5c91df0dp+6,0x1.11136b94ec459p+6,0x1.0000000000000p+1,ok,1.4106871678257642
call,1e-06,3,0x1.9000000000000p+6,0x1.8fffe5c91df0dp+6,0x1.5a8de45b803fep+6,0x1.8000000000001p+1,ok,2.2297770765125042
call,1e-06,5,0x1.9000000000000p+6,0x1.8fffe5c91df0dp+6,0x1.8b0842dc81787p+6,0x1.3fffffffffffep+2,ok,11.268418974343263
call,0.0001,1e-08,0x1.9000000000000p+6,0x1.8ff5c2b0e9cefp+6,0x1.47a9e2c622000p-7,nan,skip
call,0.0001,1e-07,0x1.9000000000000p+6,0x1.8ff5c2b0e9cefp+6,0x1.47a9e2c622000p-7,nan,skip
call,0.0001,1e-06,0x1.9000000000000p+6,0x1.8ff5c2b0e9cefp+6,0x1.47a9e2c622000p-7,nan,skip
call,0.0001,1e-05,0x1.9000000000000p+6,0x1.8ff5c2b0e9cefp+6,0x1.47a9e2c622000p-7,nan,skip
call,0.0001,0.0001,0x1.9000000000000p+6,0x1.8ff5c2b0e9cefp+6,0x1.62f68b6c2f235p-7,0x1.a36e2eb1c432ep-14,ok,4.477051818745001
call,0.0001,0.001,0x1.9000000000000p+6,0x1.8ff5c2b0e9cefp+6,0x1.716342ef0d8aap-5,0x1.0624dd2f1a9fcp-10,ok,1.1359931409582906
call,0.0001,0.003,0x1.9000000000000p+6,0x1.8ff5c2b0e9cefp+6,0x1.fef2658cf95acp-4,0x1.89374bc6a7efap-9,ok,1.0429126753158222
call,0.0001,0.01,0x1.9000000000000p+6,0x1.8ff5c2b0e9cefp+6,0x1.9da28b355aad5p-2,0x1.47ae147ae147bp-7,ok,1.0126422630993492
call,0.0001,0.03,0x1.9000000000000p+6,0x1.8ff5c2b0e9cefp+6,0x1.33a47b0362ec0p+0,0x1.eb851eb851eb8p-6,ok,1.0042643232183872
call,0.0001,0.1,0x1.9000000000000p+6,0x1.8ff5c2b0e9cefp+6,0x1.ff0c5261f498cp+1,0x1.999999999999ap-4,ok,1.0020896342046126
call,0.0001,0.2,0x1.9000000000000p+6,0x1.8ff5c2b0e9cefp+6,0x1.fe1743a833047p+2,0x1.999999999999ap-3,ok,1.0039700594853713
call,0.0001,0.3,0x1.9000000000000p+6,0x1.8ff5c2b0e9cefp+6,0x1.7db1b4f61642fp+3,0x1.3333333333333p-2,ok,1.007956469410266
call,0.0001,0.5,0x1.9000000000000p+6,0x1.8ff5c2b0e9cefp+6,0x1.3beca8e564531p+4,0x1.0000000000000p-1,ok,1.0213547528111755
call,0.0001,1,0x1.9000000000000p+6,0x1.8ff5c2b0e9cefp+6,0x1.325d57d0e46f0p+5,0x1.fffffffffffffp-1,ok,1.0877950698004928
call,0.0001,2,0x1.9000000000000p+6,0x1.8ff5c2b0e9cefp+6,0x1.11150752ae24dp+6,0x1.0000000000000p+1,ok,1.4107894577031885
call,0.0001,3,0x1.9000000000000p+6,0x1.8ff5c2b0e9cefp+6,0x1.5a8e91bbed22cp+6,0x1.8000000000000p+1,ok,2.2299044769113614
call,0.0001,5,0x1.9000000000000p+6,0x1.8ff5c2b0e9cefp+6,0x1.8b0852f9fa807p+6,0x1.3fffffffffffcp+2,ok,11.268983791787171
call,0.001,1e-08,0x1.9000000000000p+6,0x1.8f99a6b3ecccbp+6,0x1.9965304ccd400p-4,nan,skip
call,0.001,1e-07,0x1.9000000000000p+6,0x1.8f99a6b3ecccbp+6,0x1.9965304ccd400p-4,nan,skip
call,0.001,1e-06,0x1.9000000000000p+6,0x1.8f99a6b3ecccbp+6,0x1.9965304ccd400p-4,nan,skip
call,0.001,1e-05,0x1.9000000000000p+6,0x1.8f99a6b3ecccbp+6,0x1.9965304ccd400p-4,nan,skip
call,0.001,0.0001,0x1.9000000000000p+6,0x1.8f99a6b3ecccbp+6,0x1.9965304ccd400p-4,nan,skip
call,0.001,0.001,0x1.9000000000000p+6,0x1.8f99a6b3ecccbp+6,0x1.bb8114cb746e6p-4,0x1.0624dd2f1a9fbp-10,ok,4.477052516212642
call,0.001,0.003,0x1.9000000000000p+6,0x1.8f99a6b3ecccbp+6,0x1.68d277cd61527p-3,0x1.89374bc6a7ef9p-9,ok,1.5569584138743866
call,0.001,0.01,0x1.9000000000000p+6,0x1.8f99a6b3ecccbp+6,0x1.cd867909b9db2p-2,0x1.47ae147ae147bp-7,ok,1.1360031207847765
call,0.001,0.03,0x1.9000000000000p+6,0x1.8f99a6b3ecccbp+6,0x1.3f2fd00a9d857p+0,0x1.eb851eb851eb8p-6,ok,1.0429917512969422
call,0.001,0.1,0x1.9000000000000p+6,0x1.8f99a6b3ecccbp+6,0x1.024ce167d2119p+2,0x1.999999999999ap-4,ok,1.0134833658572482
call,0.001,0.2,0x1.9000000000000p+6,0x1.8f99a6b3ecccbp+6,0x1.005f86980a3b4p+3,0x1.999999999999ap-3,ok,1.009663237902995
call,0.001,0.3,0x1.9000000000000p+6,0x1.8f99a6b3ecccbp+6,0x1.7ef6bf123221ap+3,0x1.3333333333333p-2,ok,1.0117701397881518
call,0.001,0.5,0x1.9000000000000p+6,0x1.8f99a6b3ecccbp+6,0x1.3c80ab0413507p+4,0x1.0000000000000p-1,ok,1.0236864637002916
call,0.001,1,0x1.9000000000000p+6,0x1.8f99a6b3ecccbp+6,0x1.3296379242d90p+5,0x1.0000000000000p+0,ok,1.0890744104330525
call,0.001,2,0x1.9000000000000p+6,0x1.8f99a6b3ecccbp+6,0x1.1123a5fb2ab82p+6,0x1.0000000000001p+1,ok,1.411719795324762
call,0.001,3,0x1.9000000000000p+6,0x1.8f99a6b3ecccbp+6,0x1.5a94b99b66c46p+6,0x1.8000000000000p+1,ok,2.231063074405619
call,0.001,5,0x1.9000000000000p+6,0x1.8f99a6b3ecccbp+6,0x1.8b08e5721eb22p+6,0x1.3fffffffffffcp+2,ok,11.274119983210639
call,0.01,1e-08,0x1.9000000000000p+6,0x1.8c051a5ca12a6p+6,0x1.fd72d1af6ad00p-1,nan,skip
call,0.01,1e-07,0x1.9000000000000p+6,0x1.8c051a5ca12a6p+6,0x1.fd72d1af6ad00p-1,nan,skip
call,0.01,1e-06,0x1.9000000000000p+6,0x1.8c051a5ca12a6p+6,0x1.fd72d1af6ad00p-1,nan,skip
call,0.01,1e-05,0x1.9000000000000p+6,0x1.8c051a5ca12a6p+6,0x1.fd72d1af6ad00p-1,nan,skip
call,0.01,0.0001,0x1.9000000000000p+6,0x1.8c051a5ca12a6p+6,0x1.fd72d1af6ad00p-1,nan,skip
call,0.01,0.001,0x1.9000000000000p+6,0x1.8c051a5ca12a6p+6,0x1.fd72d1af6ad00p-1,nan,skip
call,0.01,0.003,0x1.9000000000000p+6,0x1.8c051a5ca12a6p+6,0x1.fd77344522ac5p-1,0x1.89374bc6a7c06p-9,ok,2161.3878281286875
call,0.01,0.01,0x1.9000000000000p+6,0x1.8c051a5ca12a6p+6,0x1.13f24be37920ap+0,0x1.47ae147ae147ap-7,ok,4.477122263131835
call,0.01,0.03,0x1.9000000000000p+6,0x1.8c051a5ca12a6p+6,0x1.c0fe66de577a4p+0,0x1.eb851eb851eb7p-6,ok,1.5571011249947488
call,0.01,0.1,0x1.9000000000000p+6,0x1.8c051a5ca12a6p+6,0x1.1f0e1d02e503dp+2,0x1.999999999999bp-4,ok,1.1370016265996443
call,0.01,0.2,0x1.9000000000000p+6,0x1.8c051a5ca12a6p+6,0x1.0dddbf285885dp+3,0x1.999999999999ap-3,ok,1.0689176883742475
call,0.01,0.3,0x1.9000000000000p+6,0x1.8c051a5ca12a6p+6,0x1.8bc8d8d924456p+3,0x1.3333333333333p-2,ok,1.0509356096010993
call,0.01,0.5,0x1.9000000000000p+6,0x1.8c051a5ca12a6p+6,0x1.424f7cf84492ep+4,0x1.fffffffffffffp-2,ok,1.0473803837287572
call,0.01,1,0x1.9000000000000p+6,0x1.8c051a5ca12a6p+6,0x1.34cf58e4f5e2fp+5,0x1.fffffffffffffp-1,ok,1.1019737005244543
call,0.01,2,0x1.9000000000000p+6,0x1.8c051a5ca12a6p+6,0x1.11b5ac78aef77p+6,0x1.fffffffffffffp+0,ok,1.4210659029032786
call,0.01,3,0x1.9000000000000p+6,0x1.8c051a5ca12a6p+6,0x1.5ad22cbe5f6c8p+6,0x1.8000000000000p+1,ok,2.24268999488427
call,0.01,5,0x1.9000000000000p+6,0x1.8c051a5ca12a6p+6,0x1.8b0e9afc2b3d3p+6,0x1.3fffffffffffcp+2,ok,11.325629610261508
call,0.05,1e-08,0x1.9000000000000p+6,0x1.7c7de4a029632p+6,0x1.3821b5fd69ce0p+2,nan,skip
call,0.05,1e-07,0x1.9000000000000p+6,0x1.7c7de4a029632p+6,0x1.3821b5fd69ce0p+2,nan,skip
call,0.05,1e-06,0x1.9000000000000p+6,0x1.7c7de4a029632p+6,0x1.3821b5fd69ce0p+2,nan,skip
call,0.05,1e-05,0x1.9000000000000p+6,0x1.7c7de4a029632p+6,0x1.3821b5fd69ce0p+2,nan,skip
call,0.05,0.0001,0x1.9000000000000p+6,0x1.7c7de4a029632p+6,0x1.3821b5fd69ce0p+2,nan,skip
call,0.05,0.001,0x1.9000000000000p+6,0x1.7c7de4a029632p+6,0x1.3821b5fd69ce0p+2,nan,skip
call,0.05,0.003,0x1.9000000000000p+6,0x1.7c7de4a029632p+6,0x1.3821b5fd69ce0p+2,nan,skip
call,0.05,0.01,0x1.9000000000000p+6,0x1.7c7de4a029632p+6,0x1.3821b635663bcp+2,0x1.47ae147a3af1ap-7,ok,3363501.572273707
call,0.05,0.03,0x1.9000000000000p+6,0x1.7c7de4a029632p+6,0x1.3bd815bb8a0ecp+2,0x1.eb851eb851eafp-6,ok,16.95721198657907
call,0.05,0.1,0x1.9000000000000p+6,0x1.7c7de4a029632p+6,0x1.b3846d5683786p+2,0x1.9999999999999p-4,ok,1.9842774871815438
call,0.05,0.2,0x1.9000000000000p+6,0x1.7c7de4a029632p+6,0x1.4e6b2e3d54dc0p+3,0x1.999999999999ap-3,ok,1.3925186427912126
call,0.05,0.3,0x1.9000000000000p+6,0x1.7c7de4a029632p+6,0x1.c766706fdb489p+3,0x1.3333333333333p-2,ok,1.2502213649089162
call,0.05,0.5,0x1.9000000000000p+6,0x1.7c7de4a029632p+6,0x1.5cae81c14ef57p+4,0x1.0000000000000p-1,ok,1.1615277723688275
call,0.05,1,0x1.9000000000000p+6,0x1.7c7de4a029632p+6,0x1.3eb8a71bad82ap+5,0x1.0000000000000p+0,ok,1.1617109302391588
call,0.05,2,0x1.9000000000000p+6,0x1.7c7de4a029632p+6,0x1.143ad95cb3697p+6,0x1.0000000000000p+1,ok,1.4635613117311226
call,0.05,3,0x1.9000000000000p+6,0x1.7c7de4a029632p+6,0x1.5be0ead35bdf9p+6,0x1.8000000000000p+1,ok,2.295278314814425
call,0.05,5,0x1.9000000000000p+6,0x1.7c7de4a029632p+6,0x1.8b27b5be87da3p+6,0x1.4000000000003p+2,ok,11.5578454094749
call,0.1,1e-08,0x1.9000000000000p+6,0x1.69ef5a02e89c5p+6,0x1.30852fe8bb1d8p+3,nan,skip
call,0.1,1e-07,0x1.9000000000000p+6,0x1.69ef5a02e89c5p+6,0x1.30852fe8bb1d8p+3,nan,skip
call,0.1,1e-06,0x1.9000000000000p+6,0x1.69ef5a02e89c5p+6,0x1.30852fe8bb1d8p+3,nan,skip
call,0.1,1e-05,0x1.9000000000000p+6,0x1.69ef5a02e89c5p+6,0x1.30852fe8bb1d8p+3,nan,skip
call,0.1,0.0001,0x1.9000000000000p+6,0x1.69ef5a02e89c5p+6,0x1.30852fe8bb1d8p+3,nan,skip
call,0.1,0.001,0x1.9000000000000p+6,0x1.69ef5a02e89c5p+6,0x1.30852fe8bb1d8p+3,nan,skip
call,0.1,0.003,0x1.9000000000000p+6,0x1.69ef5a02e89c5p+6,0x1.30852fe8bb1d8p+3,nan,skip
call,0.1,0.01,0x1.9000000000000p+6,0x1.69ef5a02e89c5p+6,0x1.30852fe8bb1d8p+3,nan,skip
call,0.1,0.03,0x1.9000000000000p+6,0x1.69ef5a02e89c5p+6,0x1.3087ce95f7144p+3,0x1.eb851eb852406p-6,ok,2162.5203096125033
call,0.1,0.1,0x1.9000000000000p+6,0x1.69ef5a02e89c5p+6,0x1.49dc5f547a9f8p+3,0x1.9999999999999p-4,ok,4.48410254704986
call,0.1,0.2,0x1.9000000000000p+6,0x1.69ef5a02e89c5p+6,0x1.a8a130c9f3b24p+3,0x1.999999999999ap-3,ok,1.9911009675611575
call,0.1,0.3,0x1.9000000000000p+6,0x1.69ef5a02e89c5p+6,0x1.0bbf02daf3efcp+4,0x1.3333333333332p-2,ok,1.5714476547996572
call,0.1,0.5,0x1.9000000000000p+6,0x1.69ef5a02e89c5p+6,0x1.7ed3f262b4462p+4,0x1.0000000000000p-1,ok,1.3273206899917576
call,0.1,1,0x1.9000000000000p+6,0x1.69ef5a02e89c5p+6,0x1.4b2aec0f6db09p+5,0x1.0000000000000p+0,ok,1.2422839641036352
call,0.1,2,0x1.9000000000000p+6,0x1.69ef5a02e89c5p+6,0x1.17585dfa3b58dp+6,0x1.0000000000001p+1,ok,1.5189587104880378
call,0.1,3,0x1.9000000000000p+6,0x1.69ef5a02e89c5p+6,0x1.5d2ded35616b9p+6,0x1.8000000000000p+1,ok,2.3631679850553766
call,0.1,5,0x1.9000000000000p+6,0x1.69ef5a02e89c5p+6,0x1.8b467aad2f719p+6,0x1.4000000000003p+2,ok,11.85581638800141
call,0.2,1e-08,0x1.9000000000000p+6,0x1.477e077417c0ep+6,0x1.2207e22fa0fc8p+4,nan,skip
call,0.2,1e-07,0x1.9000000000000p+6,0x1.477e077417c0ep+6,0x1.2207e22fa0fc8p+4,nan,skip
call,0.2,1e-06,0x1.9000000000000p+6,0x1.477e077417c0ep+6,0x1.2207e22fa0fc8p+4,nan,skip
call,0.2,1e-05,0x1.9000000000000p+6,0x1.477e077417c0ep+6,0x1.2207e22fa0fc8p+4,nan,skip
call,0.2,0.0001,0x1.9000000000000p+6,0x1.477e077417c0ep+6,0x1.2207e22fa0fc8p+4,nan,skip
call,0.2,0.001,0x1.9000000000000p+6,0x1.477e077417c0ep+6,0x1.2207e22fa0fc8p+4,nan,skip
call,0.2,0.003,0x1.9000000000000p+6,0x1.477e077417c0ep+6,0x1.2207e22fa0fc8p+4,nan,skip
call,0.2,0.01,0x1.9000000000000p+6,0x1.477e077417c0ep+6,0x1.2207e22fa0fc8p+4,nan,skip
call,0.2,0.03,0x1.9000000000000p+6,0x1.477e077417c0ep+6,0x1.2207e22fa1566p+4,0x1.eb8445913738ap-6,ok,74970887490.89026
call,0.2,0.1,0x1.9000000000000p+6,0x1.477e077417c0ep+6,0x1.2342420dfa5cdp+4,0x1.9999999999983p-4,ok,37.308717298271056
call,0.2,0.2,0x1.9000000000000p+6,0x1.477e077417c0ep+6,0x1.3a14047f40136p+4,0x1.9999999999999p-3,ok,4.505322684544149
call,0.2,0.3,0x1.9000000000000p+6,0x1.477e077417c0ep+6,0x1.63418af1c3f1ap+4,0x1.3333333333333p-2,ok,2.5894963105592006
call,0.2,0.5,0x1.9000000000000p+6,0x1.477e077417c0ep+6,0x1.c65d4166653dap+4,0x1.0000000000000p-1,ok,1.7585261771383465
call,0.2,1,0x1.9000000000000p+6,0x1.477e077417c0ep+6,0x1.642abcc669303p+5,0x1.fffffffffffffp-1,ok,1.4257904581790115
call,0.2,2,0x1.9000000000000p+6,0x1.477e077417c0ep+6,0x1.1d748ea566be1p+6,0x1.fffffffffffffp+0,ok,1.637895622016686
call,0.2,3,0x1.9000000000000p+6,0x1.477e077417c0ep+6,0x1.5fb5ffb75ab28p+6,0x1.8000000000001p+1,ok,2.5065155091731754
call,0.2,5,0x1.9000000000000p+6,0x1.477e077417c0ep+6,0x1.8b82066bb1351p+6,0x1.3ffffffffffffp+2,ok,12.478496237146398
call,0.5,1e-08,0x1.9000000000000p+6,0x1.e5397aa6e5a70p+5,0x1.3ac685591a590p+5,nan,skip
call,0.5,1e-07,0x1.9000000000000p+6,0x1.e5397aa6e5a70p+5,0x1.3ac685591a590p+5,nan,skip
call,0.5,1e-06,0x1.9000000000000p+6,0x1.e5397aa6e5a70p+5,0x1.3ac685591a590p+5,nan,skip
call,0.5,1e-05,0x1.9000000000000p+6,0x1.e5397aa6e5a70p+5,0x1.3ac685591a590p+5,nan,skip
call,0.5,0.0001,0x1.9000000000000p+6,0x1.e5397aa6e5a70p+5,0x1.3ac685591a590p+5,nan,skip
call,0.5,0.001,0x1.9000000000000p+6,0x1.e5397aa6e5a70p+5,0x1.3ac685591a590p+5,nan,skip
call,0.5,0.003,0x1.9000000000000p+6,0x1.e5397aa6e5a70p+5,0x1.3ac685591a590p+5,nan,skip
call,0.5,0.01,0x1.9000000000000p+6,0x1.e5397aa6e5a70p+5,0x1.3ac685591a590p+5,nan,skip
call,0.5,0.03,0x1.9000000000000p+6,0x1.e5397aa6e5a70p+5,0x1.3ac685591a590p+5,nan,skip
call,0.5,0.1,0x1.9000000000000p+6,0x1.e5397aa6e5a70p+5,0x1.3ac68590eba06p+5,0x1.9999999975887p-4,ok,3402501.681604867
call,0.5,0.2,0x1.9000000000000p+6,0x1.e5397aa6e5a70p+5,0x1.3b062fd428f77p+5,0x1.99999999999d3p-3,ok,144.95365569974848
call,0.5,0.3,0x1.9000000000000p+6,0x1.e5397aa6e5a70p+5,0x1.3e734791108d4p+5,0x1.3333333333331p-2,ok,17.32074561293529
call,0.5,0.5,0x1.9000000000000p+6,0x1.e5397aa6e5a70p+5,0x1.5438869137380p+5,0x1.0000000000000p-1,ok,4.656754817696358
call,0.5,1,0x1.9000000000000p+6,0x1.e5397aa6e5a70p+5,0x1.ae76aa18c1d3cp+5,0x1.0000000000000p+0,ok,2.223737674388194
call,0.5,2,0x1.9000000000000p+6,0x1.e5397aa6e5a70p+5,0x1.2ec1ec896a688p+6,0x1.0000000000000p+1,ok,2.071988992375673
call,0.5,3,0x1.9000000000000p+6,0x1.e5397aa6e5a70p+5,0x1.66c141088f2f9p+6,0x1.7ffffffffffffp+1,ok,3.005337900876037
call,0.5,5,0x1.9000000000000p+6,0x1.e5397aa6e5a70p+5,0x1.8c258e43d6c99p+6,0x1.3fffffffffffbp+2,ok,14.582478073318667
call,1,1e-08,0x1.9000000000000p+6,0x1.264db5a531ae4p+5,0x1.f9b24a5ace51cp+5,nan,skip
call,1,1e-07,0x1.9000000000000p+6,0x1.264db5a531ae4p+5,0x1.f9b24a5ace51cp+5,nan,skip
call,1,1e-06,0x1.9000000000000p+6,0x1.264db5a531ae4p+5,0x1.f9b24a5ace51cp+5,nan,skip
call,1,1e-05,0x1.9000000000000p+6,0x1.264db5a531ae4p+5,0x1.f9b24a5ace51cp+5,nan,skip
call,1,0.0001,0x1.9000000000000p+6,0x1.264db5a531ae4p+5,0x1.f9b24a5ace51cp+5,nan,skip
call,1,0.001,0x1.9000000000000p+6,0x1.264db5a531ae4p+5,0x1.f9b24a5ace51cp+5,nan,skip
call,1,0.003,0x1.9000000000000p+6,0x1.264db5a531ae4p+5,0x1.f9b24a5ace51cp+5,nan,skip
call,1,0.01,0x1.9000000000000p+6,0x1.264db5a531ae4p+5,0x1.f9b24a5ace51cp+5,nan,skip
call,1,0.03,0x1.9000000000000p+6,0x1.264db5a531ae4p+5,0x1.f9b24a5ace51cp+5,nan,skip
call,1,0.1,0x1.9000000000000p+6,0x1.264db5a531ae4p+5,0x1.f9b24a5ace51cp+5,nan,skip
call,1,0.2,0x1.9000000000000p+6,0x1.264db5a531ae4p+5,0x1.f9b24ab1714eep+5,0x1.999999995037bp-3,ok,3522569.706710918
call,1,0.3,0x1.9000000000000p+6,0x1.264db5a531ae4p+5,0x1.f9b66cfefe88fp+5,0x1.3333333333433p-2,ok,2278.0468052384417
call,1,0.5,0x1.9000000000000p+6,0x1.264db5a531ae4p+5,0x1.fbb4d803e8fd4p+5,0x1.fffffffffffedp-2,ok,39.98991732487822
call,1,1,0x1.9000000000000p+6,0x1.264db5a531ae4p+5,0x1.0f86f5ebbe01ap+6,0x1.ffffffffffffcp-1,ok,5.241125511916787
call,1,2,0x1.9000000000000p+6,0x1.264db5a531ae4p+5,0x1.47e011dcd3867p+6,0x1.0000000000000p+1,ok,3.1643892754105427
call,1,3,0x1.9000000000000p+6,0x1.264db5a531ae4p+5,0x1.70bebd0607c76p+6,0x1.7fffffffffffep+1,ok,4.135146660230461
call,1,5,0x1.9000000000000p+6,0x1.264db5a531ae4p+5,0x1.8d08fed8853fdp+6,0x1.3fffffffffffdp+2,ok,19.04988111472261
call,1.5,1e-08,0x1.9000000000000p+6,0x1.65021d14adff7p+4,0x1.36bf78bad4802p+6,nan,skip
call,1.5,1e-07,0x1.9000000000000p+6,0x1.65021d14adff7p+4,0x1.36bf78bad4802p+6,nan,skip
call,1.5,1e-06,0x1.9000000000000p+6,0x1.65021d14adff7p+4,0x1.36bf78bad4802p+6,nan,skip
call,1.5,1e-05,0x1.9000000000000p+6,0x1.65021d14adff7p+4,0x1.36bf78bad4802p+6,nan,skip
call,1.5,0.0001,0x1.9000000000000p+6,0x1.65021d14adff7p+4,0x1.36bf78bad4802p+6,nan,skip
call,1.5,0.001,0x1.9000000000000p+6,0x1.65021d14adff7p+4,0x1.36bf78bad4802p+6,nan,skip
call,1.5,0.003,0x1.9000000000000p+6,0x1.65021d14adff7p+4,0x1.36bf78bad4802p+6,nan,skip
call,1.5,0.01,0x1.9000000000000p+6,0x1.65021d14adff7p+4,0x1.36bf78bad4802p+6,nan,skip
call,1.5,0.03,0x1.9000000000000p+6,0x1.65021d14adff7p+4,0x1.36bf78bad4802p+6,nan,skip
call,1.5,0.1,0x1.9000000000000p+6,0x1.65021d14adff7p+4,0x1.36bf78bad4802p+6,nan,skip
call,1.5,0.2,0x1.9000000000000p+6,0x1.65021d14adff7p+4,0x1.36bf78bad4805p+6,0x1.99ab64a50d37bp-3,ok,33621385461047.06
call,1.5,0.3,0x1.9000000000000p+6,0x1.65021d14adff7p+4,0x1.36bf78ed23ab8p+6,0x1.3333333305cf6p-2,ok,3729105.271110017
call,1.5,0.5,0x1.9000000000000p+6,0x1.65021d14adff7p+4,0x1.36c877aa3ca5cp+6,0x1.0000000000115p-1,ok,765.8346849512401
call,1.5,1,0x1.9000000000000p+6,0x1.65021d14adff7p+4,0x1.3bcee5ac91a2dp+6,0x1.0000000000005p+0,ok,14.623195899422411
call,1.5,2,0x1.9000000000000p+6,0x1.65021d14adff7p+4,0x1.5c28f8f0b843dp+6,0x1.0000000000002p+1,ok,5.044200104719776
call,1.5,3,0x1.9000000000000p+6,0x1.65021d14adff7p+4,0x1.78bd58f0152c5p+6,0x1.8000000000000p+1,ok,5.814856056235785
call,1.5,5,0x1.9000000000000p+6,0x1.65021d14adff7p+4,0x1.8dbcae6c384dfp+6,0x1.3fffffffffff8p+2,ok,25.12409003517442
call,2,1e-08,0x1.9000000000000p+6,0x1.b112a9fdb3acfp+3,0x1.59ddaac0498a6p+6,nan,skip
call,2,1e-07,0x1.9000000000000p+6,0x1.b112a9fdb3acfp+3,0x1.59ddaac0498a6p+6,nan,skip
call,2,1e-06,0x1.9000000000000p+6,0x1.b112a9fdb3acfp+3,0x1.59ddaac0498a6p+6,nan,skip
call,2,1e-05,0x1.9000000000000p+6,0x1.b112a9fdb3acfp+3,0x1.59ddaac0498a6p+6,nan,skip
call,2,0.0001,0x1.9000000000000p+6,0x1.b112a9fdb3acfp+3,0x1.59ddaac0498a6p+6,nan,skip
call,2,0.001,0x1.9000000000000p+6,0x1.b112a9fdb3acfp+3,0x1.59ddaac0498a6p+6,nan,skip
call,2,0.003,0x1.9000000000000p+6,0x1.b112a9fdb3acfp+3,0x1.59ddaac0498a6p+6,nan,skip
call,2,0.01,0x1.9000000000000p+6,0x1.b112a9fdb3acfp+3,0x1.59ddaac0498a6p+6,nan,skip
call,2,0.03,0x1.9000000000000p+6,0x1.b112a9fdb3acfp+3,0x1.59ddaac0498a6p+6,nan,skip
call,2,0.1,0x1.9000000000000p+6,0x1.b112a9fdb3acfp+3,0x1.59ddaac0498a6p+6,nan,skip
call,2,0.2,0x1.9000000000000p+6,0x1.b112a9fdb3acfp+3,0x1.59ddaac0498a6p+6,nan,skip
call,2,0.3,0x1.9000000000000p+6,0x1.b112a9fdb3acfp+3,0x1.59ddaac049e4dp+6,0x1.33339b30b04f0p-2,ok,88896222592.49352
call,2,0.5,0x1.9000000000000p+6,0x1.b112a9fdb3acfp+3,0x1.59ddcc3d20543p+6,0x1.000000000270fp-1,ok,36240.1802254678
call,2,1,0x1.9000000000000p+6,0x1.b112a9fdb3acfp+3,0x1.5affa23ac7dc1p+6,0x1.fffffffffffeap-1,ok,49.49118845046545
call,2,2,0x1.9000000000000p+6,0x1.b112a9fdb3acfp+3,0x1.6bd538510decbp+6,0x1.0000000000002p+1,ok,8.423466786905323
call,2,3,0x1.9000000000000p+6,0x1.b112a9fdb3acfp+3,0x1.7efebd5558591p+6,0x1.8000000000001p+1,ok,8.365415911561778
call,2,5,0x1.9000000000000p+6,0x1.b112a9fdb3acfp+3,0x1.8e495ea00108ap+6,0x1.400000000000dp+2,ok,33.4552230904236
call,3,1e-08,0x1.9000000000000p+6,0x1.3ea3220017a09p+2,0x1.7c15cddffe85fp+6,nan,skip
call,3,1e-07,0x1.9000000000000p+6,0x1.3ea3220017a09p+2,0x1.7c15cddffe85fp+6,nan,skip
call,3,1e-06,0x1.9000000000000p+6,0x1.3ea3220017a09p+2,0x1.7c15cddffe85fp+6,nan,skip
call,3,1e-05,0x1.9000000000000p+6,0x1.3ea3220017a09p+2,0x1.7c15cddffe85fp+6,nan,skip
call,3,0.0001,0x1.9000000000000p+6,0x1.3ea3220017a09p+2,0x1.7c15cddffe85fp+6,nan,skip
call,3,0.001,0x1.9000000000000p+6,0x1.3ea3220017a09p+2,0x1.7c15cddffe85fp+6,nan,skip
call,3,0.003,0x1.9000000000000p+6,0x1.3ea3220017a09p+2,0x1.7c15cddffe85fp+6,nan,skip
call,3,0.01,0x1.9000000000000p+6,0x1.3ea3220017a09p+2,0x1.7c15cddffe85fp+6,nan,skip
call,3,0.03,0x1.9000000000000p+6,0x1.3ea3220017a09p+2,0x1.7c15cddffe85fp+6,nan,skip
call,3,0.1,0x1.9000000000000p+6,0x1.3ea3220017a09p+2,0x1.7c15cddffe85fp+6,nan,skip
call,3,0.2,0x1.9000000000000p+6,0x1.3ea3220017a09p+2,0x1.7c15cddffe85fp+6,nan,skip
call,3,0.3,0x1.9000000000000p+6,0x1.3ea3220017a09p+2,0x1.7c15cddffe85fp+6,nan,skip
call,3,0.5,0x1.9000000000000p+6,0x1.3ea3220017a09p+2,0x1.7c15cde01b9cdp+6,0x1.000000bbb0ab5p-1,ok,1446286275.5845945
call,3,1,0x1.9000000000000p+6,0x1.3ea3220017a09p+2,0x1.7c1da41d3cc15p+6,0x1.0000000000038p+0,ok,1088.9289646510877
call,3,2,0x1.9000000000000p+6,0x1.3ea3220017a09p+2,0x1.7fbeeb543cd70p+6,0x1.ffffffffffff9p+0,ok,27.366156981190887
call,3,3,0x1.9000000000000p+6,0x1.3ea3220017a09p+2,0x1.875f253e97085p+6,0x1.8000000000001p+1,ok,18.60665566709533
call,3,5,0x1.9000000000000p+6,0x1.3ea3220017a09p+2,0x1.8f0a83c908e67p+6,0x1.400000000000ap+2,ok,61.0748661800931
call,5,1e-08,0x1.9000000000000p+6,0x1.58fb9e70a6934p-1,0x1.8d4e08c31eb2ep+6,nan,skip
call,5,1e-07,0x1.9000000000000p+6,0x1.58fb9e70a6934p-1,0x1.8d4e08c31eb2ep+6,nan,skip
call,5,1e-06,0x1.9000000000000p+6,0x1.58fb9e70a6934p-1,0x1.8d4e08c31eb2ep+6,nan,skip
call,5,1e-05,0x1.9000000000000p+6,0x1.58fb9e70a6934p-1,0x1.8d4e08c31eb2ep+6,nan,skip
call,5,0.0001,0x1.9000000000000p+6,0x1.58fb9e70a6934p-1,0x1.8d4e08c31eb2ep+6,nan,skip
call,5,0.001,0x1.9000000000000p+6,0x1.58fb9e70a6934p-1,0x1.8d4e08c31eb2ep+6,nan,skip
call,5,0.003,0x1.9000000000000p+6,0x1.58fb9e70a6934p-1,0x1.8d4e08c31eb2ep+6,nan,skip
call,5,0.01,0x1.9000000000000p+6,0x1.58fb9e70a6934p-1,0x1.8d4e08c31eb2ep+6,nan,skip
call,5,0.03,0x1.9000000000000p+6,0x1.58fb9e70a6934p-1,0x1.8d4e08c31eb2ep+6,nan,skip
call,5,0.1,0x1.9000000000000p+6,0x1.58fb9e70a6934p-1,0x1.8d4e08c31eb2ep+6,nan,skip
call,5,0.2,0x1.9000000000000p+6,0x1.58fb9e70a6934p-1,0x1.8d4e08c31eb2ep+6,nan,skip
call,5,0.3,0x1.9000000000000p+6,0x1.58fb9e70a6934p-1,0x1.8d4e08c31eb2ep+6,nan,skip
call,5,0.5,0x1.9000000000000p+6,0x1.58fb9e70a6934p-1,0x1.8d4e08c31eb2ep+6,nan,skip
call,5,1,0x1.9000000000000p+6,0x1.58fb9e70a6934p-1,0x1.8d4e08dd51570p+6,0x1.00000000462b1p+0,ok,9222694.390114771
call,5,2,0x1.9000000000000p+6,0x1.58fb9e70a6934p-1,0x1.8d644ec4e490dp+6,0x1.0000000000083p+1,ok,569.2100765507396
call,5,3,0x1.9000000000000p+6,0x1.58fb9e70a6934p-1,0x1.8e2a6758646c0p+6,0x1.7fffffffffff9p+1,ok,125.16322487399431
call,5,5,0x1.9000000000000p+6,0x1.58fb9e70a6934p-1,0x1.8fba158794e36p+6,0x1.400000000003ep+2,ok,229.02189609415922
call,7.5,1e-08,0x1.9000000000000p+6,0x1.c51633057bdddp-5,0x1.8fc75d399f508p+6,nan,skip
call,7.5,1e-07,0x1.9000000000000p+6,0x1.c51633057bdddp-5,0x1.8fc75d399f508p+6,nan,skip
call,7.5,1e-06,0x1.9000000000000p+6,0x1.c51633057bdddp-5,0x1.8fc75d399f508p+6,nan,skip
call,7.5,1e-05,0x1.9000000000000p+6,0x1.c51633057bdddp-5,0x1.8fc75d399f508p+6,nan,skip
call,7.5,0.0001,0x1.9000000000000p+6,0x1.c51633057bdddp-5,0x1.8fc75d399f508p+6,nan,skip
call,7.5,0.001,0x1.9000000000000p+6,0x1.c51633057bdddp-5,0x1.8fc75d399f508p+6,nan,skip
call,7.5,0.003,0x1.9000000000000p+6,0x1.c51633057bdddp-5,0x1.8fc75d399f508p+6,nan,skip
call,7.5,0.01,0x1.9000000000000p+6,0x1.c51633057bdddp-5,0x1.8fc75d399f508p+6,nan,skip
call,7.5,0.03,0x1.9000000000000p+6,0x1.c51633057bdddp-5,0x1.8fc75d399f508p+6,nan,skip
call,7.5,0.1,0x1.9000000000000p+6,0x1.c51633057bdddp-5,0x1.8fc75d399f508p+6,nan,skip
call,7.5,0.2,0x1.9000000000000p+6,0x1.c51633057bdddp-5,0x1.8fc75d399f508p+6,nan,skip
call,7.5,0.3,0x1.9000000000000p+6,0x1.c51633057bdddp-5,0x1.8fc75d399f508p+6,nan,skip
call,7.5,0.5,0x1.9000000000000p+6,0x1.c51633057bdddp-5,0x1.8fc75d399f508p+6,nan,skip
call,7.5,1,0x1.9000000000000p+6,0x1.c51633057bdddp-5,0x1.8fc75d399f509p+6,0x1.00d9533a4b724p+0,ok,163903210119969.06
call,7.5,2,0x1.9000000000000p+6,0x1.c51633057bdddp-5,0x1.8fc76dc409f0dp+6,0x1.0000000006470p+1,ok,99358.39528393903
call,7.5,3,0x1.9000000000000p+6,0x1.c51633057bdddp-5,0x1.8fcd1b4a0f9d9p+6,0x1.800000000025ep+1,ok,2489.479957202647
call,7.5,5,0x1.9000000000000p+6,0x1.c51633057bdddp-5,0x1.8ff3c5735961bp+6,0x1.4000000000111p+2,ok,1494.2522487763326
call,10,1e-08,0x1.9000000000000p+6,0x1.2988715b68159p-8,0x1.8ffb59de3a926p+6,nan,skip
call,10,1e-07,0x1.9000000000000p+6,0x1.2988715b68159p-8,0x1.8ffb59de3a926p+6,nan,skip
call,10,1e-06,0x1.9000000000000p+6,0x1.2988715b68159p-8,0x1.8ffb59de3a926p+6,nan,skip
call,10,1e-05,0x1.9000000000000p+6,0x1.2988715b68159p-8,0x1.8ffb59de3a926p+6,nan,skip
call,10,0.0001,0x1.9000000000000p+6,0x1.2988715b68159p-8,0x1.8ffb59de3a926p+6,nan,skip
call,10,0.001,0x1.9000000000000p+6,0x1.2988715b68159p-8,0x1.8ffb59de3a926p+6,nan,skip
call,10,0.003,0x1.9000000000000p+6,0x1.2988715b68159p-8,0x1.8ffb59de3a926p+6,nan,skip
call,10,0.01,0x1.9000000000000p+6,0x1.2988715b68159p-8,0x1.8ffb59de3a926p+6,nan,skip
call,10,0.03,0x1.9000000000000p+6,0x1.2988715b68159p-8,0x1.8ffb59de3a926p+6,nan,skip
call,10,0.1,0x1.9000000000000p+6,0x1.2988715b68159p-8,0x1.8ffb59de3a926p+6,nan,skip
call,10,0.2,0x1.9000000000000p+6,0x1.2988715b68159p-8,0x1.8ffb59de3a926p+6,nan,skip
call,10,0.3,0x1.9000000000000p+6,0x1.2988715b68159p-8,0x1.8ffb59de3a926p+6,nan,skip
call,10,0.5,0x1.9000000000000p+6,0x1.2988715b68159p-8,0x1.8ffb59de3a926p+6,nan,skip
call,10,1,0x1.9000000000000p+6,0x1.2988715b68159p-8,0x1.8ffb59de3a926p+6,nan,skip
call,10,2,0x1.9000000000000p+6,0x1.2988715b68159p-8,0x1.8ffb59e141df6p+6,0x1.ffffffd7cbc1fp+0,ok,82288841.16442034
call,10,3,0x1.9000000000000p+6,0x1.2988715b68159p-8,0x1.8ffb6ffdf75abp+6,0x1.8000000002030p+1,ok,98798.45471926003
call,10,5,0x1.9000000000000p+6,0x1.2988715b68159p-8,0x1.8ffe37bb4e602p+6,0x1.4000000000c40p+2,ok,12512.497394154623
call,15,1e-08,0x1.9000000000000p+6,0x1.009c05eaf308cp-15,0x1.8ffff7fb1fd0bp+6,nan,skip
call,15,1e-07,0x1.9000000000000p+6,0x1.009c05eaf308cp-15,0x1.8ffff7fb1fd0bp+6,nan,skip
call,15,1e-06,0x1.9000000000000p+6,0x1.009c05eaf308cp-15,0x1.8ffff7fb1fd0bp+6,nan,skip
call,15,1e-05,0x1.9000000000000p+6,0x1.009c05eaf308cp-15,0x1.8ffff7fb1fd0bp+6,nan,skip
call,15,0.0001,0x1.9000000000000p+6,0x1.009c05eaf308cp-15,0x1.8ffff7fb1fd0bp+6,nan,skip
call,15,0.001,0x1.9000000000000p+6,0x1.009c05eaf308cp-15,0x1.8ffff7fb1fd0bp+6,nan,skip
call,15,0.003,0x1.9000000000000p+6,0x1.009c05eaf308cp-15,0x1.8ffff7fb1fd0bp+6,nan,skip
call,15,0.01,0x1.9000000000000p+6,0x1.009c05eaf308cp-15,0x1.8ffff7fb1fd0bp+6,nan,skip
call,15,0.03,0x1.9000000000000p+6,0x1.009c05eaf308cp-15,0x1.8ffff7fb1fd0bp+6,nan,skip
call,15,0.1,0x1.9000000000000p+6,0x1.009c05eaf308cp-15,0x1.8ffff7fb1fd0bp+6,nan,skip
call,15,0.2,0x1.9000000000000p+6,0x1.009c05eaf308cp-15,0x1.8ffff7fb1fd0bp+6,nan,skip
call,15,0.3,0x1.9000000000000p+6,0x1.009c05eaf308cp-15,0x1.8ffff7fb1fd0bp+6,nan,skip
call,15,0.5,0x1.9000000000000p+6,0x1.009c05eaf308cp-15,0x1.8ffff7fb1fd0bp+6,nan,skip
call,15,1,0x1.9000000000000p+6,0x1.009c05eaf308cp-15,0x1.8ffff7fb1fd0bp+6,nan,skip
call,15,2,0x1.9000000000000p+6,0x1.009c05eaf308cp-15,0x1.8ffff7fb1fd0bp+6,nan,skip
call,15,3,0x1.9000000000000p+6,0x1.009c05eaf308cp-15,0x1.8ffff7fb55136p+6,0x1.7fffffa1ebacbp+1,ok,1248646854.4637332
call,15,5,0x1.9000000000000p+6,0x1.009c05eaf308cp-15,0x1.8ffff9f513a2ep+6,0x1.400000004f784p+2,ok,1857051.1605149643
call,20,1e-08,0x1.9000000000000p+6,0x1.baa11e64c62c1p-23,0x1.8ffffff22af71p+6,nan,skip
call,20,1e-07,0x1.9000000000000p+6,0x1.baa11e64c62c1p-23,0x1.8ffffff22af71p+6,nan,skip
call,20,1e-06,0x1.9000000000000p+6,0x1.baa11e64c62c1p-23,0x1.8ffffff22af71p+6,nan,skip
call,20,1e-05,0x1.9000000000000p+6,0x1.baa11e64c62c1p-23,0x1.8ffffff22af71p+6,nan,skip
call,20,0.0001,0x1.9000000000000p+6,0x1.baa11e64c62c1p-23,0x1.8ffffff22af71p+6,nan,skip
call,20,0.001,0x1.9000000000000p+6,0x1.baa11e64c62c1p-23,0x1.8ffffff22af71p+6,nan,skip
call,20,0.003,0x1.9000000000000p+6,0x1.baa11e64c62c1p-23,0x1.8ffffff22af71p+6,nan,skip
call,20,0.01,0x1.9000000000000p+6,0x1.baa11e64c62c1p-23,0x1.8ffffff22af71p+6,nan,skip
call,20,0.03,0x1.9000000000000p+6,0x1.baa11e64c62c1p-23,0x1.8ffffff22af71p+6,nan,skip
call,20,0.1,0x1.9000000000000p+6,0x1.baa11e64c62c1p-23,0x1.8ffffff22af71p+6,nan,skip
call,20,0.2,0x1.9000000000000p+6,0x1.baa11e64c62c1p-23,0x1.8ffffff22af71p+6,nan,skip
call,20,0.3,0x1.9000000000000p+6,0x1.baa11e64c62c1p-23,0x1.8ffffff22af71p+6,nan,skip
call,20,0.5,0x1.9000000000000p+6,0x1.baa11e64c62c1p-23,0x1.8ffffff22af71p+6,nan,skip
call,20,1,0x1.9000000000000p+6,0x1.baa11e64c62c1p-23,0x1.8ffffff22af71p+6,nan,skip
call,20,2,0x1.9000000000000p+6,0x1.baa11e64c62c1p-23,0x1.8ffffff22af71p+6,nan,skip
call,20,3,0x1.9000000000000p+6,0x1.baa11e64c62c1p-23,0x1.8ffffff22af71p+6,nan,skip
call,20,5,0x1.9000000000000p+6,0x1.baa11e64c62c1p-23,0x1.8ffffff2d2899p+6,0x1.40000064d4b23p+2,ok,749187929.2676188
call,25,1e-08,0x1.9000000000000p+6,0x1.7dbfb786ad07cp-30,0x1.8fffffffe8240p+6,nan,skip
call,25,1e-07,0x1.9000000000000p+6,0x1.7dbfb786ad07cp-30,0x1.8fffffffe8240p+6,nan,skip
call,25,1e-06,0x1.9000000000000p+6,0x1.7dbfb786ad07cp-30,0x1.8fffffffe8240p+6,nan,skip
call,25,1e-05,0x1.9000000000000p+6,0x1.7dbfb786ad07cp-30,0x1.8fffffffe8240p+6,nan,skip
call,25,0.0001,0x1.9000000000000p+6,0x1.7dbfb786ad07cp-30,0x1.8fffffffe8240p+6,nan,skip
call,25,0.001,0x1.9000000000000p+6,0x1.7dbfb786ad07cp-30,0x1.8fffffffe8240p+6,nan,skip
call,25,0.003,0x1.9000000000000p+6,0x1.7dbfb786ad07cp-30,0x1.8fffffffe8240p+6,nan,skip
call,25,0.01,0x1.9000000000000p+6,0x1.7dbfb786ad07cp-30,0x1.8fffffffe8240p+6,nan,skip
call,25,0.03,0x1.9000000000000p+6,0x1.7dbfb786ad07cp-30,0x1.8fffffffe8240p+6,nan,skip
call,25,0.1,0x1.9000000000000p+6,0x1.7dbfb786ad07cp-30,0x1.8fffffffe8240p+6,nan,skip
call,25,0.2,0x1.9000000000000p+6,0x1.7dbfb786ad07cp-30,0x1.8fffffffe8240p+6,nan,skip
call,25,0.3,0x1.9000000000000p+6,0x1.7dbfb786ad07cp-30,0x1.8fffffffe8240p+6,nan,skip
call,25,0.5,0x1.9000000000000p+6,0x1.7dbfb786ad07cp-30,0x1.8fffffffe8240p+6,nan,skip
call,25,1,0x1.9000000000000p+6,0x1.7dbfb786ad07cp-30,0x1.8fffffffe8240p+6,nan,skip
call,25,2,0x1.9000000000000p+6,0x1.7dbfb786ad07cp-30,0x1.8fffffffe8240p+6,nan,skip
call,25,3,0x1.9000000000000p+6,0x1.7dbfb786ad07cp-30,0x1.8fffffffe8240p+6,nan,skip
call,25,5,0x1.9000000000000p+6,0x1.7dbfb786ad07cp-30,0x1.8fffffffe83bfp+6,0x1.4003d1cf9d8fbp+2,ok,820828352541.0378
call,30,1e-08,0x1.9000000000000p+6,0x1.493df9816c393p-37,0x1.8fffffffffd6ep+6,nan,skip
call,30,1e-07,0x1.9000000000000p+6,0x1.493df9816c393p-37,0x1.8fffffffffd6ep+6,nan,skip
call,30,1e-06,0x1.9000000000000p+6,0x1.493df9816c393p-37,0x1.8fffffffffd6ep+6,nan,skip
call,30,1e-05,0x1.9000000000000p+6,0x1.493df9816c393p-37,0x1.8fffffffffd6ep+6,nan,skip
call,30,0.0001,0x1.9000000000000p+6,0x1.493df9816c393p-37,0x1.8fffffffffd6ep+6,nan,skip
call,30,0.001,0x1.9000000000000p+6,0x1.493df9816c393p-37,0x1.8fffffffffd6ep+6,nan,skip
call,30,0.003,0x1.9000000000000p+6,0x1.493df9816c393p-37,0x1.8fffffffffd6ep+6,nan,skip
call,30,0.01,0x1.9000000000000p+6,0x1.493df9816c393p-37,0x1.8fffffffffd6ep+6,nan,skip
call,30,0.03,0x1.9000000000000p+6,0x1.493df9816c393p-37,0x1.8fffffffffd6ep+6,nan,skip
call,30,0.1,0x1.9000000000000p+6,0x1.493df9816c393p-37,0x1.8fffffffffd6ep+6,nan,skip
call,30,0.2,0x1.9000000000000p+6,0x1.493df9816c393p-37,0x1.8fffffffffd6ep+6,nan,skip
call,30,0.3,0x1.9000000000000p+6,0x1.493df9816c393p-37,0x1.8fffffffffd6ep+6,nan,skip
call,30,0.5,0x1.9000000000000p+6,0x1.493df9816c393p-37,0x1.8fffffffffd6ep+6,nan,skip
call,30,1,0x1.9000000000000p+6,0x1.493df9816c393p-37,0x1.8fffffffffd6ep+6,nan,skip
call,30,2,0x1.9000000000000p+6,0x1.493df9816c393p-37,0x1.8fffffffffd6ep+6,nan,skip
call,30,3,0x1.9000000000000p+6,0x1.493df9816c393p-37,0x1.8fffffffffd6ep+6,nan,skip
call,30,5,0x1.9000000000000p+6,0x1.493df9816c393p-37,0x1.8fffffffffd6ep+6,nan,skip
put,-30,1e-08,0x1.9000000000000p+6,0x1.e5f6f0110fff2p+49,0x1.e5f6f0110fcd2p+49,nan,skip
put,-30,1e-07,0x1.9000000000000p+6,0x1.e5f6f0110fff2p+49,0x1.e5f6f0110fcd2p+49,nan,skip
put,-30,1e-06,0x1.9000000000000p+6,0x1.e5f6f0110fff2p+49,0x1.e5f6f0110fcd2p+49,nan,skip
put,-30,1e-05,0x1.9000000000000p+6,0x1.e5f6f0110fff2p+49,0x1.e5f6f0110fcd2p+49,nan,skip
put,-30,0.0001,0x1.9000000000000p+6,0x1.e5f6f0110fff2p+49,0x1.e5f6f0110fcd2p+49,nan,skip
put,-30,0.001,0x1.9000000000000p+6,0x1.e5f6f0110fff2p+49,0x1.e5f6f0110fcd2p+49,nan,skip
put,-30,0.003,0x1.9000000000000p+6,0x1.e5f6f0110fff2p+49,0x1.e5f6f0110fcd2p+49,nan,skip
put,-30,0.01,0x1.9000000000000p+6,0x1.e5f6f0110fff2p+49,0x1.e5f6f0110fcd2p+49,nan,skip
put,-30,0.03,0x1.9000000000000p+6,0x1.e5f6f0110fff2p+49,0x1.e5f6f0110fcd2p+49,nan,skip
put,-30,0.1,0x1.9000000000000p+6,0x1.e5f6f0110fff2p+49,0x1.e5f6f0110fcd2p+49,nan,skip
put,-30,0.2,0x1.9000000000000p+6,0x1.e5f6f0110fff2p+49,0x1.e5f6f0110fcd2p+49,nan,skip
put,-30,0.3,0x1.9000000000000p+6,0x1.e5f6f0110fff2p+49,0x1.e5f6f0110fcd2p+49,nan,skip
put,-30,0.5,0x1.9000000000000p+6,0x1.e5f6f0110fff2p+49,0x1.e5f6f0110fcd2p+49,nan,skip
put,-30,1,0x1.9000000000000p+6,0x1.e5f6f0110fff2p+49,0x1.e5f6f0110fcd2p+49,nan,skip
put,-30,2,0x1.9000000000000p+6,0x1.e5f6f0110fff2p+49,0x1.e5f6f0110fcd2p+49,nan,skip
put,-30,3,0x1.9000000000000p+6,0x1.e5f6f0110fff2p+49,0x1.e5f6f0110fcd2p+49,nan,skip
put,-30,5,0x1.9000000000000p+6,0x1.e5f6f0110fff2p+49,0x1.e5f6f0110fcd2p+49,nan,skip
put,-25,1e-08,0x1.9000000000000p+6,0x1.a31fa942eaa5ap+42,0x1.a31fa942d1a5ap+42,nan,skip
put,-25,1e-07,0x1.9000000000000p+6,0x1.a31fa942eaa5ap+42,0x1.a31fa942d1a5ap+42,nan,skip
put,-25,1e-06,0x1.9000000000000p+6,0x1.a31fa942eaa5ap+42,0x1.a31fa942d1a5ap+42,nan,skip
put,-25,1e-05,0x1.9000000000000p+6,0x1.a31fa942eaa5ap+42,0x1.a31fa942d1a5ap+42,nan,skip
put,-25,0.0001,0x1.9000000000000p+6,0x1.a31fa942eaa5ap+42,0x1.a31fa942d1a5ap+42,nan,skip
put,-25,0.001,0x1.9000000000000p+6,0x1.a31fa942eaa5ap+42,0x1.a31fa942d1a5ap+42,nan,skip
put,-25,0.003,0x1.9000000000000p+6,0x1.a31fa942eaa5ap+42,0x1.a31fa942d1a5ap+42,nan,skip
put,-25,0.01,0x1.9000000000000p+6,0x1.a31fa942eaa5ap+42,0x1.a31fa942d1a5ap+42,nan,skip
put,-25,0.03,0x1.9000000000000p+6,0x1.a31fa942eaa5ap+42,0x1.a31fa942d1a5ap+42,nan,skip
put,-25,0.1,0x1.9000000000000p+6,0x1.a31fa942eaa5ap+42,0x1.a31fa942d1a5ap+42,nan,skip
put,-25,0.2,0x1.9000000000000p+6,0x1.a31fa942eaa5ap+42,0x1.a31fa942d1a5ap+42,nan,skip
put,-25,0.3,0x1.9000000000000p+6,0x1.a31fa942eaa5ap+42,0x1.a31fa942d1a5ap+42,nan,skip
put,-25,0.5,0x1.9000000000000p+6,0x1.a31fa942eaa5ap+42,0x1.a31fa942d1a5ap+42,nan,skip
put,-25,1,0x1.9000000000000p+6,0x1.a31fa942eaa5ap+42,0x1.a31fa942d1a5ap+42,nan,skip
put,-25,2,0x1.9000000000000p+6,0x1.a31fa942eaa5ap+42,0x1.a31fa942d1a5ap+42,nan,skip
put,-25,3,0x1.9000000000000p+6,0x1.a31fa942eaa5ap+42,0x1.a31fa942d1a5ap+42,nan,skip
put,-25,5,0x1.9000000000000p+6,0x1.a31fa942eaa5ap+42,0x1.a31fa942d1bebp+42,0x1.4003b075ec429p+2,ok,820854128451.5165
put,-20,1e-08,0x1.9000000000000p+6,0x1.6979eace9f543p+35,0x1.6979eac21f543p+35,nan,skip
put,-20,1e-07,0x1.9000000000000p+6,0x1.6979eace9f543p+35,0x1.6979eac21f543p+35,nan,skip
put,-20,1e-06,0x1.9000000000000p+6,0x1.6979eace9f543p+35,0x1.6979eac21f543p+35,nan,skip
put,-20,1e-05,0x1.9000000000000p+6,0x1.6979eace9f543p+35,0x1.6979eac21f543p+35,nan,skip
put,-20,0.0001,0x1.9000000000000p+6,0x1.6979eace9f543p+35,0x1.6979eac21f543p+35,nan,skip
put,-20,0.001,0x1.9000000000000p+6,0x1.6979eace9f543p+35,0x1.6979eac21f543p+35,nan,skip
put,-20,0.003,0x1.9000000000000p+6,0x1.6979eace9f543p+35,0x1.6979eac21f543p+35,nan,skip
put,-20,0.01,0x1.9000000000000p+6,0x1.6979eace9f543p+35,0x1.6979eac21f543p+35,nan,skip
put,-20,0.03,0x1.9000000000000p+6,0x1.6979eace9f543p+35,0x1.6979eac21f543p+35,nan,skip
put,-20,0.1,0x1.9000000000000p+6,0x1.6979eace9f543p+35,0x1.6979eac21f543p+35,nan,skip
put,-20,0.2,0x1.9000000000000p+6,0x1.6979eace9f543p+35,0x1.6979eac21f543p+35,nan,skip
put,-20,0.3,0x1.9000000000000p+6,0x1.6979eace9f543p+35,0x1.6979eac21f543p+35,nan,skip
put,-20,0.5,0x1.9000000000000p+6,0x1.6979eace9f543p+35,0x1.6979eac21f543p+35,nan,skip
put,-20,1,0x1.9000000000000p+6,0x1.6979eace9f543p+35,0x1.6979eac21f543p+35,nan,skip
put,-20,2,0x1.9000000000000p+6,0x1.6979eace9f543p+35,0x1.6979eac21f543p+35,nan,skip
put,-20,3,0x1.9000000000000p+6,0x1.6979eace9f543p+35,0x1.6979eac21f544p+35,0x1.851e48953d266p+1,ok,144418891413278.9
put,-20,5,0x1.9000000000000p+6,0x1.6979eace9f543p+35,0x1.6979eac2b6c33p+35,0x1.40000118b2475p+2,ok,749187659.4457102
put,-15,1e-08,0x1.9000000000000p+6,0x1.37c1fe93f4939p+28,0x1.37c1f853f4939p+28,nan,skip
put,-15,1e-07,0x1.9000000000000p+6,0x1.37c1fe93f4939p+28,0x1.37c1f853f4939p+28,nan,skip
put,-15,1e-06,0x1.9000000000000p+6,0x1.37c1fe93f4939p+28,0x1.37c1f853f4939p+28,nan,skip
put,-15,1e-05,0x1.9000000000000p+6,0x1.37c1fe93f4939p+28,0x1.37c1f853f4939p+28,nan,skip
put,-15,0.0001,0x1.9000000000000p+6,0x1.37c1fe93f4939p+28,0x1.37c1f853f4939p+28,nan,skip
put,-15,0.001,0x1.9000000000000p+6,0x1.37c1fe93f4939p+28,0x1.37c1f853f4939p+28,nan,skip
put,-15,0.003,0x1.9000000000000p+6,0x1.37c1fe93f4939p+28,0x1.37c1f853f4939p+28,nan,skip
put,-15,0.01,0x1.9000000000000p+6,0x1.37c1fe93f4939p+28,0x1.37c1f853f4939p+28,nan,skip
put,-15,0.03,0x1.9000000000000p+6,0x1.37c1fe93f4939p+28,0x1.37c1f853f4939p+28,nan,skip
put,-15,0.1,0x1.9000000000000p+6,0x1.37c1fe93f4939p+28,0x1.37c1f853f4939p+28,nan,skip
put,-15,0.2,0x1.9000000000000p+6,0x1.37c1fe93f4939p+28,0x1.37c1f853f4939p+28,nan,skip
put,-15,0.3,0x1.9000000000000p+6,0x1.37c1fe93f4939p+28,0x1.37c1f853f4939p+28,nan,skip
put,-15,0.5,0x1.9000000000000p+6,0x1.37c1fe93f4939p+28,0x1.37c1f853f4939p+28,nan,skip
put,-15,1,0x1.9000000000000p+6,0x1.37c1fe93f4939p+28,0x1.37c1f853f4939p+28,nan,skip
put,-15,2,0x1.9000000000000p+6,0x1.37c1fe93f4939p+28,0x1.37c1f853f4939p+28,nan,skip
put,-15,3,0x1.9000000000000p+6,0x1.37c1fe93f4939p+28,0x1.37c1f8541e166p+28,0x1.7ffffea5820cdp+1,ok,1248648016.3494
put,-15,5,0x1.9000000000000p+6,0x1.37c1fe93f4939p+28,0x1.37c1f9de4aba3p+28,0x1.4000000080b51p+2,ok,1857051.1602654809
put,-10,1e-08,0x1.9000000000000p+6,0x1.0ce0b4a2c6c33p+21,0x1.0cdd94a2c6c33p+21,nan,skip
put,-10,1e-07,0x1.9000000000000p+6,0x1.0ce0b4a2c6c33p+21,0x1.0cdd94a2c6c33p+21,nan,skip
put,-10,1e-06,0x1.9000000000000p+6,0x1.0ce0b4a2c6c33p+21,0x1.0cdd94a2c6c33p+21,nan,skip
put,-10,1e-05,0x1.9000000000000p+6,0x1.0ce0b4a2c6c33p+21,0x1.0cdd94a2c6c33p+21,nan,skip
put,-10,0.0001,0x1.9000000000000p+6,0x1.0ce0b4a2c6c33p+21,0x1.0cdd94a2c6c33p+21,nan,skip
put,-10,0.001,0x1.9000000000000p+6,0x1.0ce0b4a2c6c33p+21,0x1.0cdd94a2c6c33p+21,nan,skip
put,-10,0.003,0x1.9000000000000p+6,0x1.0ce0b4a2c6c33p+21,0x1.0cdd94a2c6c33p+21,nan,skip
put,-10,0.01,0x1.9000000000000p+6,0x1.0ce0b4a2c6c33p+21,0x1.0cdd94a2c6c33p+21,nan,skip
put,-10,0.03,0x1.9000000000000p+6,0x1.0ce0b4a2c6c33p+21,0x1.0cdd94a2c6c33p+21,nan,skip
put,-10,0.1,0x1.9000000000000p+6,0x1.0ce0b4a2c6c33p+21,0x1.0cdd94a2c6c33p+21,nan,skip
put,-10,0.2,0x1.9000000000000p+6,0x1.0ce0b4a2c6c33p+21,0x1.0cdd94a2c6c33p+21,nan,skip
put,-10,0.3,0x1.9000000000000p+6,0x1.0ce0b4a2c6c33p+21,0x1.0cdd94a2c6c33p+21,nan,skip
put,-10,0.5,0x1.9000000000000p+6,0x1.0ce0b4a2c6c33p+21,0x1.0cdd94a2c6c33p+21,nan,skip
put,-10,1,0x1.9000000000000p+6,0x1.0ce0b4a2c6c33p+21,0x1.0cdd94a2c6c33p+21,nan,skip
put,-10,2,0x1.9000000000000p+6,0x1.0ce0b4a2c6c33p+21,0x1.0cdd94a4cfea5p+21,0x1.ffffffd3160bdp+0,ok,82288842.2923823
put,-10,3,0x1.9000000000000p+6,0x1.0ce0b4a2c6c33p+21,0x1.0cdda381e8b0dp+21,0x1.8000000008622p+1,ok,98798.45471549623
put,-10,5,0x1.9000000000000p+6,0x1.0ce0b4a2c6c33p+21,0x1.0cdf81ef50ffdp+21,0x1.3ffffffffe4b6p+2,ok,12512.497394126498
put,-7.5,1e-08,0x1.9000000000000p+6,0x1.61221ee7b08b7p+17,0x1.60f01ee7b08b7p+17,nan,skip
put,-7.5,1e-07,0x1.9000000000000p+6,0x1.61221ee7b08b7p+17,0x1.60f01ee7b08b7p+17,nan,skip
put,-7.5,1e-06,0x1.9000000000000p+6,0x1.61221ee7b08b7p+17,0x1.60f01ee7b08b7p+17,nan,skip
put,-7.5,1e-05,0x1.9000000000000p+6,0x1.61221ee7b08b7p+17,0x1.60f01ee7b08b7p+17,nan,skip
put,-7.5,0.0001,0x1.9000000000000p+6,0x1.61221ee7b08b7p+17,0x1.60f01ee7b08b7p+17,nan,skip
put,-7.5,0.001,0x1.9000000000000p+6,0x1.61221ee7b08b7p+17,0x1.60f01ee7b08b7p+17,nan,skip
put,-7.5,0.003,0x1.9000000000000p+6,0x1.61221ee7b08b7p+17,0x1.60f01ee7b08b7p+17,nan,skip
put,-7.5,0.01,0x1.9000000000000p+6,0x1.61221ee7b08b7p+17,0x1.60f01ee7b08b7p+17,nan,skip
put,-7.5,0.03,0x1.9000000000000p+6,0x1.61221ee7b08b7p+17,0x1.60f01ee7b08b7p+17,nan,skip
put,-7.5,0.1,0x1.9000000000000p+6,0x1.61221ee7b08b7p+17,0x1.60f01ee7b08b7p+17,nan,skip
put,-7.5,0.2,0x1.9000000000000p+6,0x1.61221ee7b08b7p+17,0x1.60f01ee7b08b7p+17,nan,skip
put,-7.5,0.3,0x1.9000000000000p+6,0x1.61221ee7b08b7p+17,0x1.60f01ee7b08b7p+17,nan,skip
put,-7.5,0.5,0x1.9000000000000p+6,0x1.61221ee7b08b7p+17,0x1.60f01ee7b08b7p+17,nan,skip
put,-7.5,1,0x1.9000000000000p+6,0x1.61221ee7b08b7p+17,0x1.60f01ee7b08b8p+17,0x1.02c7a303381b6p+0,ok,107586735652406.22
put,-7.5,2,0x1.9000000000000p+6,0x1.61221ee7b08b7p+17,0x1.60f02d81f9202p+17,0x1.fffffffff6b8dp+0,ok,99358.39529781106
put,-7.5,3,0x1.9000000000000p+6,0x1.61221ee7b08b7p+17,0x1.60f530b9fef2dp+17,0x1.800000000002bp+1,ok,2489.479957203683
put,-7.5,5,0x1.9000000000000p+6,0x1.61221ee7b08b7p+17,0x1.61175326ec796p+17,0x1.3fffffffffe77p+2,ok,1494.2522487758017
put,-5,1e-08,0x1.9000000000000p+6,0x1.cfca86fbf508fp+13,0x1.ccaa86fbf508fp+13,nan,skip
put,-5,1e-07,0x1.9000000000000p+6,0x1.cfca86fbf508fp+13,0x1.ccaa86fbf508fp+13,nan,skip
put,-5,1e-06,0x1.9000000000000p+6,0x1.cfca86fbf508fp+13,0x1.ccaa86fbf508fp+13,nan,skip
put,-5,1e-05,0x1.9000000000000p+6,0x1.cfca86fbf508fp+13,0x1.ccaa86fbf508fp+13,nan,skip
put,-5,0.0001,0x1.9000000000000p+6,0x1.cfca86fbf508fp+13,0x1.ccaa86fbf508fp+13,nan,skip
put,-5,0.001,0x1.9000000000000p+6,0x1.cfca86fbf508fp+13,0x1.ccaa86fbf508fp+13,nan,skip
put,-5,0.003,0x1.9000000000000p+6,0x1.cfca86fbf508fp+13,0x1.ccaa86fbf508fp+13,nan,skip
put,-5,0.01,0x1.9000000000000p+6,0x1.cfca86fbf508fp+13,0x1.ccaa86fbf508fp+13,nan,skip
put,-5,0.03,0x1.9000000000000p+6,0x1.cfca86fbf508fp+13,0x1.ccaa86fbf508fp+13,nan,skip
put,-5,0.1,0x1.9000000000000p+6,0x1.cfca86fbf508fp+13,0x1.ccaa86fbf508fp+13,nan,skip
put,-5,0.2,0x1.9000000000000p+6,0x1.cfca86fbf508fp+13,0x1.ccaa86fbf508fp+13,nan,skip
put,-5,0.3,0x1.9000000000000p+6,0x1.cfca86fbf508fp+13,0x1.ccaa86fbf508fp+13,nan,skip
put,-5,0.5,0x1.9000000000000p+6,0x1.cfca86fbf508fp+13,0x1.ccaa86fbf508fp+13,nan,skip
put,-5,1,0x1.9000000000000p+6,0x1.cfca86fbf508fp+13,0x1.ccaa871a553c9p+13,0x1.00000000c5edep+0,ok,9222694.362519607
put,-5,2,0x1.9000000000000p+6,0x1.cfca86fbf508fp+13,0x1.ccc45a55ade23p+13,0x1.0000000000075p+1,ok,569.21007655075
put,-5,3,0x1.9000000000000p+6,0x1.cfca86fbf508fp+13,0x1.cdaa0a70f34bfp+13,0x1.8000000000002p+1,ok,125.16322487399404
put,-5,5,0x1.9000000000000p+6,0x1.cfca86fbf508fp+13,0x1.cf79761ae436fp+13,0x1.400000000004ap+2,ok,229.02189609416132
put,-3,1e-08,0x1.9000000000000p+6,0x1.f6236fb1e8499p+10,0x1.dd236fb1e8499p+10,nan,skip
put,-3,1e-07,0x1.9000000000000p+6,0x1.f6236fb1e8499p+10,0x1.dd236fb1e8499p+10,nan,skip
put,-3,1e-06,0x1.9000000000000p+6,0x1.f6236fb1e8499p+10,0x1.dd236fb1e8499p+10,nan,skip
put,-3,1e-05,0x1.9000000000000p+6,0x1.f6236fb1e8499p+10,0x1.dd236fb1e8499p+10,nan,skip
put,-3,0.0001,0x1.9000000000000p+6,0x1.f6236fb1e8499p+10,0x1.dd236fb1e8499p+10,nan,skip
put,-3,0.001,0x1.9000000000000p+6,0x1.f6236fb1e8499p+10,0x1.dd236fb1e8499p+10,nan,skip
put,-3,0.003,0x1.9000000000000p+6,0x1.f6236fb1e8499p+10,0x1.dd236fb1e8499p+10,nan,skip
put,-3,0.01,0x1.9000000000000p+6,0x1.f6236fb1e8499p+10,0x1.dd236fb1e8499p+10,nan,skip
put,-3,0.03,0x1.9000000000000p+6,0x1.f6236fb1e8499p+10,0x1.dd236fb1e8499p+10,nan,skip
put,-3,0.1,0x1.9000000000000p+6,0x1.f6236fb1e8499p+10,0x1.dd236fb1e8499p+10,nan,skip
put,-3,0.2,0x1.9000000000000p+6,0x1.f6236fb1e8499p+10,0x1.dd236fb1e8499p+10,nan,skip
put,-3,0.3,0x1.9000000000000p+6,0x1.f6236fb1e8499p+10,0x1.dd236fb1e8499p+10,nan,skip
put,-3,0.5,0x1.9000000000000p+6,0x1.f6236fb1e8499p+10,0x1.dd236fb20ccdfp+10,0x1.000000ecdb67fp-1,ok,1446285664.030424
put,-3,1,0x1.9000000000000p+6,0x1.f6236fb1e8499p+10,0x1.dd2d46382e862p+10,0x1.ffffffffffe2fp-1,ok,1088.928964651769
put,-3,2,0x1.9000000000000p+6,0x1.f6236fb1e8499p+10,0x1.e1bbd70a20adcp+10,0x1.0000000000003p+1,ok,27.36615698119081
put,-3,3,0x1.9000000000000p+6,0x1.f6236fb1e8499p+10,0x1.eb4e8f3b8fdb3p+10,0x1.7fffffffffffap+1,ok,18.606655667095325
put,-3,5,0x1.9000000000000p+6,0x1.f6236fb1e8499p+10,0x1.f4ef447530462p+10,0x1.400000000000ap+2,ok,61.07486618009312
put,-2,1e-08,0x1.9000000000000p+6,0x1.7173eb0664d30p+9,0x1.3f73eb0664d30p+9,nan,skip
put,-2,1e-07,0x1.9000000000000p+6,0x1.7173eb0664d30p+9,0x1.3f73eb0664d30p+9,nan,skip
put,-2,1e-06,0x1.9000000000000p+6,0x1.7173eb0664d30p+9,0x1.3f73eb0664d30p+9,nan,skip
put,-2,1e-05,0x1.9000000000000p+6,0x1.7173eb0664d30p+9,0x1.3f73eb0664d30p+9,nan,skip
put,-2,0.0001,0x1.9000000000000p+6,0x1.7173eb0664d30p+9,0x1.3f73eb0664d30p+9,nan,skip
put,-2,0.001,0x1.9000000000000p+6,0x1.7173eb0664d30p+9,0x1.3f73eb0664d30p+9,nan,skip
put,-2,0.003,0x1.9000000000000p+6,0x1.7173eb0664d30p+9,0x1.3f73eb0664d30p+9,nan,skip
put,-2,0.01,0x1.9000000000000p+6,0x1.7173eb0664d30p+9,0x1.3f73eb0664d30p+9,nan,skip
put,-2,0.03,0x1.9000000000000p+6,0x1.7173eb0664d30p+9,0x1.3f73eb0664d30p+9,nan,skip
put,-2,0.1,0x1.9000000000000p+6,0x1.7173eb0664d30p+9,0x1.3f73eb0664d30p+9,nan,skip
put,-2,0.2,0x1.9000000000000p+6,0x1.7173eb0664d30p+9,0x1.3f73eb0664d30p+9,nan,skip
put,-2,0.3,0x1.9000000000000p+6,0x1.7173eb0664d30p+9,0x1.3f73eb0665268p+9,0x1.33332222d9743p-2,ok,88920504554.71837
put,-2,0.5,0x1.9000000000000p+6,0x1.7173eb0664d30p+9,0x1.3f7409f48ada9p+9,0x1.0000000003546p-1,ok,36240.1802249719
put,-2,1,0x1.9000000000000p+6,0x1.7173eb0664d30p+9,0x1.407fbd9847144p+9,0x1.0000000000001p+0,ok,49.491188450464875
put,-2,2,0x1.9000000000000p+6,0x1.7173eb0664d30p+9,0x1.500c36632a8a7p+9,0x1.0000000000001p+1,ok,8.423466786905324
put,-2,3,0x1.9000000000000p+6,0x1.7173eb0664d30p+9,0x1.61bf1b7dbee90p+9,0x1.8000000000004p+1,ok,8.365415911561783
put,-2,5,0x1.9000000000000p+6,0x1.7173eb0664d30p+9,0x1.6fdec8f6adf5bp+9,0x1.4000000000001p+2,ok,33.455223090423225
put,-1.5,1e-08,0x1.9000000000000p+6,0x1.c02b3d7dca436p+8,0x1.5c2b3d7dca436p+8,nan,skip
put,-1.5,1e-07,0x1.9000000000000p+6,0x1.c02b3d7dca436p+8,0x1.5c2b3d7dca436p+8,nan,skip
put,-1.5,1e-06,0x1.9000000000000p+6,0x1.c02b3d7dca436p+8,0x1.5c2b3d7dca436p+8,nan,skip
put,-1.5,1e-05,0x1.9000000000000p+6,0x1.c02b3d7dca436p+8,0x1.5c2b3d7dca436p+8,nan,skip
put,-1.5,0.0001,0x1.9000000000000p+6,0x1.c02b3d7dca436p+8,0x1.5c2b3d7dca436p+8,nan,skip
put,-1.5,0.001,0x1.9000000000000p+6,0x1.c02b3d7dca436p+8,0x1.5c2b3d7dca436p+8,nan,skip
put,-1.5,0.003,0x1.9000000000000p+6,0x1.c02b3d7dca436p+8,0x1.5c2b3d7dca436p+8,nan,skip
put,-1.5,0.01,0x1.9000000000000p+6,0x1.c02b3d7dca436p+8,0x1.5c2b3d7dca436p+8,nan,skip
put,-1.5,0.03,0x1.9000000000000p+6,0x1.c02b3d7dca436p+8,0x1.5c2b3d7dca436p+8,nan,skip
put,-1.5,0.1,0x1.9000000000000p+6,0x1.c02b3d7dca436p+8,0x1.5c2b3d7dca436p+8,nan,skip
put,-1.5,0.2,0x1.9000000000000p+6,0x1.c02b3d7dca436p+8,0x1.5c2b3d7dca439p+8,0x1.997c1337e0117p-3,ok,34501291727747.582
put,-1.5,0.3,0x1.9000000000000p+6,0x1.c02b3d7dca436p+8,0x1.5c2b3db6285f1p+8,0x1.333333330a0dbp-2,ok,3729105.270798448
put,-1.5,0.5,0x1.9000000000000p+6,0x1.c02b3d7dca436p+8,0x1.5c3551c0506e3p+8,0x1.ffffffffffff4p-2,ok,765.8346849517179
put,-1.5,1,0x1.9000000000000p+6,0x1.c02b3d7dca436p+8,0x1.61d6a9f1f3ea4p+8,0x1.0000000000005p+0,ok,14.623195899422413
put,-1.5,2,0x1.9000000000000p+6,0x1.c02b3d7dca436p+8,0x1.861615dc1a6e6p+8,0x1.0000000000000p+1,ok,5.044200104719776
put,-1.5,3,0x1.9000000000000p+6,0x1.c02b3d7dca436p+8,0x1.a61b83cd01140p+8,0x1.7fffffffffffep+1,ok,5.814856056235782
put,-1.5,5,0x1.9000000000000p+6,0x1.c02b3d7dca436p+8,0x1.bda2289ec4e56p+8,0x1.3ffffffffffffp+2,ok,25.12409003517458
put,-1,1e-08,0x1.9000000000000p+6,0x1.0fd403ca7e44ap+8,0x1.57a80794fc894p+7,nan,skip
put,-1,1e-07,0x1.9000000000000p+6,0x1.0fd403ca7e44ap+8,0x1.57a80794fc894p+7,nan,skip
put,-1,1e-06,0x1.9000000000000p+6,0x1.0fd403ca7e44ap+8,0x1.57a80794fc894p+7,nan,skip
put,-1,1e-05,0x1.9000000000000p+6,0x1.0fd403ca7e44ap+8,0x1.57a80794fc894p+7,nan,skip
put,-1,0.0001,0x1.9000000000000p+6,0x1.0fd403ca7e44ap+8,0x1.57a80794fc894p+7,nan,skip
put,-1,0.001,0x1.9000000000000p+6,0x1.0fd403ca7e44ap+8,0x1.57a80794fc894p+7,nan,skip
put,-1,0.003,0x1.9000000000000p+6,0x1.0fd403ca7e44ap+8,0x1.57a80794fc894p+7,nan,skip
put,-1,0.01,0x1.9000000000000p+6,0x1.0fd403ca7e44ap+8,0x1.57a80794fc894p+7,nan,skip
put,-1,0.03,0x1.9000000000000p+6,0x1.0fd403ca7e44ap+8,0x1.57a80794fc894p+7,nan,skip
put,-1,0.1,0x1.9000000000000p+6,0x1.0fd403ca7e44ap+8,0x1.57a80794fc894p+7,nan,skip
put,-1,0.2,0x1.9000000000000p+6,0x1.0fd403ca7e44ap+8,0x1.57a807cfdcb8cp+7,0x1.999999997bf8fp-3,ok,3522569.7044338756
put,-1,0.3,0x1.9000000000000p+6,0x1.0fd403ca7e44ap+8,0x1.57aad700dcf9bp+7,0x1.3333333333721p-2,ok,2278.0468052346205
put,-1,0.5,0x1.9000000000000p+6,0x1.0fd403ca7e44ap+8,0x1.5905b47308044p+7,0x1.fffffffffffebp-2,ok,39.98991732487827
put,-1,1,0x1.9000000000000p+6,0x1.0fd403ca7e44ap+8,0x1.710b30c9aeee4p+7,0x1.0000000000001p+0,ok,5.241125511916783
put,-1,2,0x1.9000000000000p+6,0x1.0fd403ca7e44ap+8,0x1.bda0f255285a1p+7,0x1.0000000000001p+1,ok,3.1643892754105427
put,-1,3,0x1.9000000000000p+6,0x1.0fd403ca7e44ap+8,0x1.f52d3004e62d6p+7,0x1.7fffffffffffep+1,ok,4.135146660230461
put,-1,5,0x1.9000000000000p+6,0x1.0fd403ca7e44ap+8,0x1.0dd037bf9ee60p+8,0x1.3fffffffffffbp+2,ok,19.04988111472257
put,-0.5,1e-08,0x1.9000000000000p+6,0x1.49be87707752ap+7,0x1.037d0ee0eea54p+6,nan,skip
put,-0.5,1e-07,0x1.9000000000000p+6,0x1.49be87707752ap+7,0x1.037d0ee0eea54p+6,nan,skip
put,-0.5,1e-06,0x1.9000000000000p+6,0x1.49be87707752ap+7,0x1.037d0ee0eea54p+6,nan,skip
put,-0.5,1e-05,0x1.9000000000000p+6,0x1.49be87707752ap+7,0x1.037d0ee0eea54p+6,nan,skip
put,-0.5,0.0001,0x1.9000000000000p+6,0x1.49be87707752ap+7,0x1.037d0ee0eea54p+6,nan,skip
put,-0.5,0.001,0x1.9000000000000p+6,0x1.49be87707752ap+7,0x1.037d0ee0eea54p+6,nan,skip
put,-0.5,0.003,0x1.9000000000000p+6,0x1.49be87707752ap+7,0x1.037d0ee0eea54p+6,nan,skip
put,-0.5,0.01,0x1.9000000000000p+6,0x1.49be87707752ap+7,0x1.037d0ee0eea54p+6,nan,skip
put,-0.5,0.03,0x1.9000000000000p+6,0x1.49be87707752ap+7,0x1.037d0ee0eea54p+6,nan,skip
put,-0.5,0.1,0x1.9000000000000p+6,0x1.49be87707752ap+7,0x1.037d0f0ef22a2p+6,0x1.9999999b4164fp-4,ok,3402501.6584822675
put,-0.5,0.2,0x1.9000000000000p+6,0x1.49be87707752ap+7,0x1.03b18ab45cb83p+6,0x1.999999999998cp-3,ok,144.95365569975897
put,-0.5,0.3,0x1.9000000000000p+6,0x1.49be87707752ap+7,0x1.06849520cb3a4p+6,0x1.333333333332ap-2,ok,17.32074561293539
put,-0.5,0.5,0x1.9000000000000p+6,0x1.49be87707752ap+7,0x1.1876f27d4b876p+6,0x1.fffffffffffffp-2,ok,4.656754817696361
put,-0.5,1,0x1.9000000000000p+6,0x1.49be87707752ap+7,0x1.62db70e784f24p+6,0x1.fffffffffffffp-1,ok,2.2237376743881945
put,-0.5,2,0x1.9000000000000p+6,0x1.49be87707752ap+7,0x1.f329aa5b6d5b0p+6,0x1.0000000000000p+1,ok,2.071988992375673
put,-0.5,3,0x1.9000000000000p+6,0x1.49be87707752ap+7,0x1.27be5084fbcb8p+7,0x1.7fffffffffffep+1,ok,3.0053379008760364
put,-0.5,5,0x1.9000000000000p+6,0x1.49be87707752ap+7,0x1.469157ddd4ca2p+7,0x1.4000000000000p+2,ok,14.582478073318743
put,-0.2,1e-08,0x1.9000000000000p+6,0x1.e88fa476a8d9cp+6,0x1.623e91daa3670p+4,nan,skip
put,-0.2,1e-07,0x1.9000000000000p+6,0x1.e88fa476a8d9cp+6,0x1.623e91daa3670p+4,nan,skip
put,-0.2,1e-06,0x1.9000000000000p+6,0x1.e88fa476a8d9cp+6,0x1.623e91daa3670p+4,nan,skip
put,-0.2,1e-05,0x1.9000000000000p+6,0x1.e88fa476a8d9cp+6,0x1.623e91daa3670p+4,nan,skip
put,-0.2,0.0001,0x1.9000000000000p+6,0x1.e88fa476a8d9cp+6,0x1.623e91daa3670p+4,nan,skip
put,-0.2,0.001,0x1.9000000000000p+6,0x1.e88fa476a8d9cp+6,0x1.623e91daa3670p+4,nan,skip
put,-0.2,0.003,0x1.9000000000000p+6,0x1.e88fa476a8d9cp+6,0x1.623e91daa3670p+4,nan,skip
put,-0.2,0.01,0x1.9000000000000p+6,0x1.e88fa476a8d9cp+6,0x1.623e91daa3670p+4,nan,skip
put,-0.2,0.03,0x1.9000000000000p+6,0x1.e88fa476a8d9cp+6,0x1.623e91daa3d4dp+4,0x1.eb8536e25ca29p-6,ok,74945368236.99318
put,-0.2,0.1,0x1.9000000000000p+6,0x1.e88fa476a8d9cp+6,0x1.63be8c2ffebc8p+4,0x1.99999999999aap-4,ok,37.30871729827006
put,-0.2,0.2,0x1.9000000000000p+6,0x1.e88fa476a8d9cp+6,0x1.7f9db056b6130p+4,0x1.999999999999cp-3,ok,4.505322684544147
put,-0.2,0.3,0x1.9000000000000p+6,0x1.e88fa476a8d9cp+6,0x1.b1e92302a5302p+4,0x1.3333333333333p-2,ok,2.589496310559201
put,-0.2,0.5,0x1.9000000000000p+6,0x1.e88fa476a8d9cp+6,0x1.157b1bbb38e1cp+5,0x1.0000000000000p-1,ok,1.7585261771383467
put,-0.2,1,0x1.9000000000000p+6,0x1.e88fa476a8d9cp+6,0x1.b305f61af79d5p+5,0x1.0000000000000p+0,ok,1.4257904581790115
put,-0.2,2,0x1.9000000000000p+6,0x1.e88fa476a8d9cp+6,0x1.5ca7e895bbecap+6,0x1.fffffffffffffp+0,ok,1.637895622016686
put,-0.2,3,0x1.9000000000000p+6,0x1.e88fa476a8d9cp+6,0x1.ad94a901e7adfp+6,0x1.7ffffffffffffp+1,ok,2.506515509173174
put,-0.2,5,0x1.9000000000000p+6,0x1.e88fa476a8d9cp+6,0x1.e3130f556feacp+6,0x1.3fffffffffffcp+2,ok,12.478496237146366
put,-0.1,1e-08,0x1.9000000000000p+6,0x1.ba118083ca14bp+6,0x1.508c041e50a58p+3,nan,skip
put,-0.1,1e-07,0x1.9000000000000p+6,0x1.ba118083ca14bp+6,0x1.508c041e50a58p+3,nan,skip
put,-0.1,1e-06,0x1.9000000000000p+6,0x1.ba118083ca14bp+6,0x1.508c041e50a58p+3,nan,skip
put,-0.1,1e-05,0x1.9000000000000p+6,0x1.ba118083ca14bp+6,0x1.508c041e50a58p+3,nan,skip
put,-0.1,0.0001,0x1.9000000000000p+6,0x1.ba118083ca14bp+6,0x1.508c041e50a58p+3,nan,skip
put,-0.1,0.001,0x1.9000000000000p+6,0x1.ba118083ca14bp+6,0x1.508c041e50a58p+3,nan,skip
put,-0.1,0.003,0x1.9000000000000p+6,0x1.ba118083ca14bp+6,0x1.508c041e50a58p+3,nan,skip
put,-0.1,0.01,0x1.9000000000000p+6,0x1.ba118083ca14bp+6,0x1.508c041e50a58p+3,nan,skip
put,-0.1,0.03,0x1.9000000000000p+6,0x1.ba118083ca14bp+6,0x1.508ee954af305p+3,0x1.eb851eb85240ap-6,ok,2162.5203096124765
put,-0.1,0.1,0x1.9000000000000p+6,0x1.ba118083ca14bp+6,0x1.6c8d76eceb9cbp+3,0x1.999999999999ap-4,ok,4.4841025470498534
put,-0.1,0.2,0x1.9000000000000p+6,0x1.ba118083ca14bp+6,0x1.d549d0b5d5e9bp+3,0x1.999999999999ap-3,ok,1.9911009675611566
put,-0.1,0.3,0x1.9000000000000p+6,0x1.ba118083ca14bp+6,0x1.27e7be18aedefp+4,0x1.3333333333332p-2,ok,1.5714476547996568
put,-0.1,0.5,0x1.9000000000000p+6,0x1.ba118083ca14bp+6,0x1.a7171ca434424p+4,0x1.0000000000000p-1,ok,1.3273206899917573
put,-0.1,1,0x1.9000000000000p+6,0x1.ba118083ca14bp+6,0x1.6dff32fd9b67ep+5,0x1.0000000000000p+0,ok,1.242283964103635
put,-0.1,2,0x1.9000000000000p+6,0x1.ba118083ca14bp+6,0x1.34b9636e4126ep+6,0x1.0000000000000p+1,ok,1.5189587104880375
put,-0.1,3,0x1.9000000000000p+6,0x1.ba118083ca14bp+6,0x1.81e725b1b04fdp+6,0x1.8000000000000p+1,ok,2.3631679850553766
put,-0.1,5,0x1.9000000000000p+6,0x1.ba118083ca14bp+6,0x1.b4d8c6598793fp+6,0x1.4000000000004p+2,ok,11.855816388001415
put,-0.05,1e-08,0x1.9000000000000p+6,0x1.a482290762090p+6,0x1.4822907620900p+2,nan,skip
put,-0.05,1e-07,0x1.9000000000000p+6,0x1.a482290762090p+6,0x1.4822907620900p+2,nan,skip
put,-0.05,1e-06,0x1.9000000000000p+6,0x1.a482290762090p+6,0x1.4822907620900p+2,nan,skip
put,-0.05,1e-05,0x1.9000000000000p+6,0x1.a482290762090p+6,0x1.4822907620900p+2,nan,skip
put,-0.05,0.0001,0x1.9000000000000p+6,0x1.a482290762090p+6,0x1.4822907620900p+2,nan,skip
put,-0.05,0.001,0x1.9000000000000p+6,0x1.a482290762090p+6,0x1.4822907620900p+2,nan,skip
put,-0.05,0.003,0x1.9000000000000p+6,0x1.a482290762090p+6,0x1.4822907620900p+2,nan,skip
put,-0.05,0.01,0x1.9000000000000p+6,0x1.a482290762090p+6,0x1.482290b0fbd4ap+2,0x1.47ae147a83edbp-7,ok,3363501.567738908
put,-0.05,0.03,0x1.9000000000000p+6,0x1.a482290762090p+6,0x1.4c09aa3e5b92fp+2,0x1.eb851eb851ebep-6,ok,16.95721198657917
put,-0.05,0.1,0x1.9000000000000p+6,0x1.a482290762090p+6,0x1.c9d8c41d961bcp+2,0x1.9999999999999p-4,ok,1.984277487181549
put,-0.05,0.2,0x1.9000000000000p+6,0x1.a482290762090p+6,0x1.5f908f498b5fap+3,0x1.999999999999ap-3,ok,1.3925186427912142
put,-0.05,0.3,0x1.9000000000000p+6,0x1.a482290762090p+6,0x1.debfbfa9b269ap+3,0x1.3333333333333p-2,ok,1.250221364908917
put,-0.05,0.5,0x1.9000000000000p+6,0x1.a482290762090p+6,0x1.6e8f17ec2fdd2p+4,0x1.0000000000000p-1,ok,1.161527772368828
put,-0.05,1,0x1.9000000000000p+6,0x1.a482290762090p+6,0x1.4f0fff5e19f9ep+5,0x1.0000000000000p+0,ok,1.161710930239159
put,-0.05,2,0x1.9000000000000p+6,0x1.a482290762090p+6,0x1.22647a16f2f5ep+6,0x1.0000000000001p+1,ok,1.463561311731123
put,-0.05,3,0x1.9000000000000p+6,0x1.a482290762090p+6,0x1.6db6f68c3339ap+6,0x1.8000000000000p+1,ok,2.2952783148144253
put,-0.05,5,0x1.9000000000000p+6,0x1.a482290762090p+6,0x1.9f6a4778167fbp+6,0x1.4000000000001p+2,ok,11.557845409474885
put,-0.01,1e-08,0x1.9000000000000p+6,0x1.940523199a55bp+6,0x1.0148c666956c0p+0,nan,skip
put,-0.01,1e-07,0x1.9000000000000p+6,0x1.940523199a55bp+6,0x1.0148c666956c0p+0,nan,skip
put,-0.01,1e-06,0x1.9000000000000p+6,0x1.940523199a55bp+6,0x1.0148c666956c0p+0,nan,skip
put,-0.01,1e-05,0x1.9000000000000p+6,0x1.940523199a55bp+6,0x1.0148c666956c0p+0,nan,skip
put,-0.01,0.0001,0x1.9000000000000p+6,0x1.940523199a55bp+6,0x1.0148c666956c0p+0,nan,skip
put,-0.01,0.001,0x1.9000000000000p+6,0x1.940523199a55bp+6,0x1.0148c666956c0p+0,nan,skip
put,-0.01,0.003,0x1.9000000000000p+6,0x1.940523199a55bp+6,0x1.014afd558f574p+0,0x1.89374bc6a8520p-9,ok,2161.387828119427
put,-0.01,0.01,0x1.9000000000000p+6,0x1.940523199a55bp+6,0x1.16b843691475fp+0,0x1.47ae147ae147cp-7,ok,4.477122263131697
put,-0.01,0.03,0x1.9000000000000p+6,0x1.940523199a55bp+6,0x1.c5819798b09e9p+0,0x1.eb851eb851eb7p-6,ok,1.5571011249947366
put,-0.01,0.1,0x1.9000000000000p+6,0x1.940523199a55bp+6,0x1.21f0a93a183c6p+2,0x1.999999999999bp-4,ok,1.1370016265996417
put,-0.01,0.2,0x1.9000000000000p+6,0x1.940523199a55bp+6,0x1.109411ebf994bp+3,0x1.999999999999ap-3,ok,1.0689176883742464
put,-0.01,0.3,0x1.9000000000000p+6,0x1.940523199a55bp+6,0x1.8fc3237517432p+3,0x1.3333333333333p-2,ok,1.0509356096010987
put,-0.01,0.5,0x1.9000000000000p+6,0x1.940523199a55bp+6,0x1.458cbe0e4c4dfp+4,0x1.fffffffffffffp-2,ok,1.0473803837287567
put,-0.01,1,0x1.9000000000000p+6,0x1.940523199a55bp+6,0x1.37e9dddf8cdaep+5,0x1.0000000000000p+0,ok,1.101973700524454
put,-0.01,2,0x1.9000000000000p+6,0x1.940523199a55bp+6,0x1.1475e2b99f3cep+6,0x1.fffffffffffffp+0,ok,1.4210659029032784
put,-0.01,3,0x1.9000000000000p+6,0x1.940523199a55bp+6,0x1.5e4e7d9ca0066p+6,0x1.7ffffffffffffp+1,ok,2.242689994884269
put,-0.01,5,0x1.9000000000000p+6,0x1.940523199a55bp+6,0x1.8f07066c78ecep+6,0x1.4000000000004p+2,ok,11.32562961026159
put,-0.001,1e-08,0x1.9000000000000p+6,0x1.90667382f6431p+6,0x1.99ce0bd90c400p-4,nan,skip
put,-0.001,1e-07,0x1.9000000000000p+6,0x1.90667382f6431p+6,0x1.99ce0bd90c400p-4,nan,skip
put,-0.001,1e-06,0x1.9000000000000p+6,0x1.90667382f6431p+6,0x1.99ce0bd90c400p-4,nan,skip
put,-0.001,1e-05,0x1.9000000000000p+6,0x1.90667382f6431p+6,0x1.99ce0bd90c400p-4,nan,skip
put,-0.001,0.0001,0x1.9000000000000p+6,0x1.90667382f6431p+6,0x1.99ce0bd90c400p-4,nan,skip
put,-0.001,0.001,0x1.9000000000000p+6,0x1.90667382f6431p+6,0x1.bbf2acd33bcfbp-4,0x1.0624dd2f1a9fcp-10,ok,4.477052516212445
put,-0.001,0.003,0x1.9000000000000p+6,0x1.90667382f6431p+6,0x1.692ee2782c967p-3,0x1.89374bc6a7efap-9,ok,1.5569584138743684
put,-0.001,0.01,0x1.9000000000000p+6,0x1.90667382f6431p+6,0x1.cdfcaeaff50d7p-2,0x1.47ae147ae147bp-7,ok,1.1360031207847727
put,-0.001,0.03,0x1.9000000000000p+6,0x1.90667382f6431p+6,0x1.3f8190ba6534fp+0,0x1.eb851eb851eb9p-6,ok,1.042991751296941
put,-0.001,0.1,0x1.9000000000000p+6,0x1.90667382f6431p+6,0x1.028f09d77dad3p+2,0x1.9999999999999p-4,ok,1.013483365857248
put,-0.001,0.2,0x1.9000000000000p+6,0x1.90667382f6431p+6,0x1.00a130ab0afb0p+3,0x1.9999999999999p-3,ok,1.0096632379029948
put,-0.001,0.3,0x1.9000000000000p+6,0x1.90667382f6431p+6,0x1.7f58d58b1530bp+3,0x1.3333333333333p-2,ok,1.0117701397881518
put,-0.001,0.5,0x1.9000000000000p+6,0x1.90667382f6431p+6,0x1.3cd1bbb49efe7p+4,0x1.0000000000000p-1,ok,1.0236864637002914
put,-0.001,1,0x1.9000000000000p+6,0x1.90667382f6431p+6,0x1.32e4be17ad5f9p+5,0x1.0000000000000p+0,ok,1.0890744104330523
put,-0.001,2,0x1.9000000000000p+6,0x1.90667382f6431p+6,0x1.11699b636878bp+6,0x1.0000000000000p+1,ok,1.4117197953247618
put,-0.001,3,0x1.9000000000000p+6,0x1.90667382f6431p+6,0x1.5aed7e7f482fcp+6,0x1.8000000000001p+1,ok,2.2310630744056197
put,-0.001,5,0x1.9000000000000p+6,0x1.90667382f6431p+6,0x1.8b6e13645cd19p+6,0x1.4000000000003p+2,ok,11.274119983210715
put,-0.0001,1e-08,0x1.9000000000000p+6,0x1.900a3d92320fap+6,0x1.47b24641f4000p-7,nan,skip
put,-0.0001,1e-07,0x1.9000000000000p+6,0x1.900a3d92320fap+6,0x1.47b24641f4000p-7,nan,skip
put,-0.0001,1e-06,0x1.9000000000000p+6,0x1.900a3d92320fap+6,0x1.47b24641f4000p-7,nan,skip
put,-0.0001,1e-05,0x1.9000000000000p+6,0x1.900a3d92320fap+6,0x1.47b24641f4000p-7,nan,skip
put,-0.0001,0.0001,0x1.9000000000000p+6,0x1.900a3d92320fap+6,0x1.62ffa1d32af68p-7,0x1.a36e2eb1c432fp-14,ok,4.477051818753632
put,-0.0001,0.001,0x1.9000000000000p+6,0x1.900a3d92320fap+6,0x1.716cb7dfd4df2p-5,0x1.0624dd2f1a9fcp-10,ok,1.1359931409584507
put,-0.0001,0.003,0x1.9000000000000p+6,0x1.900a3d92320fap+6,0x1.feff7a426c907p-4,0x1.89374bc6a7efap-9,ok,1.04291267531587
put,-0.0001,0.01,0x1.9000000000000p+6,0x1.900a3d92320fap+6,0x1.9dad22245247bp-2,0x1.47ae147ae147bp-7,ok,1.012642263099363
put,-0.0001,0.03,0x1.9000000000000p+6,0x1.900a3d92320fap+6,0x1.33ac5b47aa3acp+0,0x1.eb851eb851eb7p-6,ok,1.0042643232183919
put,-0.0001,0.1,0x1.9000000000000p+6,0x1.900a3d92320fap+6,0x1.ff1967c151073p+1,0x1.999999999999ap-4,ok,1.002089634204614
put,-0.0001,0.2,0x1.9000000000000p+6,0x1.900a3d92320fap+6,0x1.fe2452c178979p+2,0x1.999999999999ap-3,ok,1.003970059485372
put,-0.0001,0.3,0x1.9000000000000p+6,0x1.900a3d92320fap+6,0x1.7dbb7a8ea8010p+3,0x1.3333333333333p-2,ok,1.0079564694102665
put,-0.0001,0.5,0x1.9000000000000p+6,0x1.900a3d92320fap+6,0x1.3bf4bf712bf9dp+4,0x1.0000000000000p-1,ok,1.0213547528111757
put,-0.0001,1,0x1.9000000000000p+6,0x1.900a3d92320fap+6,0x1.32652fb522a92p+5,0x1.0000000000000p+0,ok,1.0877950698004928
put,-0.0001,2,0x1.9000000000000p+6,0x1.900a3d92320fap+6,0x1.111c0515660f5p+6,0x1.fffffffffffffp+0,ok,1.4107894577031885
put,-0.0001,3,0x1.9000000000000p+6,0x1.900a3d92320fap+6,0x1.5a97710b03a0fp+6,0x1.8000000000000p+1,ok,2.229904476911362
put,-0.0001,5,0x1.9000000000000p+6,0x1.900a3d92320fap+6,0x1.8b126ffdb3cd8p+6,0x1.3fffffffffffcp+2,ok,11.268983791787173
put,-1e-06,1e-08,0x1.9000000000000p+6,0x1.90001a36e3c70p+6,0x1.a36e3c7000000p-14,nan,skip
put,-1e-06,1e-07,0x1.9000000000000p+6,0x1.90001a36e3c70p+6,0x1.a36e3c7000000p-14,nan,skip
put,-1e-06,1e-06,0x1.9000000000000p+6,0x1.90001a36e3c70p+6,0x1.c6602bccc163ap-14,0x1.0c6f7a0b5ed8cp-20,ok,4.477051811472927
put,-1e-06,1e-05,0x1.9000000000000p+6,0x1.90001a36e3c70p+6,0x1.d8d7177ef7a76p-12,0x1.4f8b588e368f1p-17,ok,1.135993040158354
put,-1e-06,0.0001,0x1.9000000000000p+6,0x1.90001a36e3c70p+6,0x1.08bda638814bdp-8,0x1.a36e2eb1c432dp-14,ok,1.0126337722280876
put,-1e-06,0.001,0x1.9000000000000p+6,0x1.90001a36e3c70p+6,0x1.473932ad15737p-5,0x1.0624dd2f1a9fcp-10,ok,1.0012543982544382
put,-1e-06,0.003,0x1.9000000000000p+6,0x1.90001a36e3c70p+6,0x1.ea6cd777a81dep-4,0x1.89374bc6a7efap-9,ok,1.000418632983915
put,-1e-06,0.01,0x1.9000000000000p+6,0x1.90001a36e3c70p+6,0x1.98910ca700925p-2,0x1.47ae147ae147bp-7,ok,1.000133676356174
put,-1e-06,0.03,0x1.9000000000000p+6,0x1.90001a36e3c70p+6,0x1.32639e6365707p+0,0x1.eb851eb851eb8p-6,ok,1.0001167863245113
put,-1e-06,0.1,0x1.9000000000000p+6,0x1.90001a36e3c70p+6,0x1.fe70a96433cddp+1,0x1.999999999999ap-4,ok,1.0008462990666134
put,-1e-06,0.2,0x1.9000000000000p+6,0x1.90001a36e3c70p+6,0x1.fdccbddc787d2p+2,0x1.999999999999ap-3,ok,1.0033463075415712
put,-1e-06,0.3,0x1.9000000000000p+6,0x1.90001a36e3c70p+6,0x1.7d8e15eb203bfp+3,0x1.3333333333333p-2,ok,1.007538083743619
put,-1e-06,0.5,0x1.9000000000000p+6,0x1.90001a36e3c70p+6,0x1.3bdc779c5fffdp+4,0x1.fffffffffffffp-2,ok,1.02109867758923
put,-1e-06,1,0x1.9000000000000p+6,0x1.90001a36e3c70p+6,0x1.32572a6e8e674p+5,0x1.0000000000000p+0,ok,1.087654459096457
put,-1e-06,2,0x1.9000000000000p+6,0x1.90001a36e3c70p+6,0x1.11137d7a60bf5p+6,0x1.fffffffffffffp+0,ok,1.410687167825764
put,-1e-06,3,0x1.9000000000000p+6,0x1.90001a36e3c70p+6,0x1.5a8dfb11b83b3p+6,0x1.8000000000001p+1,ok,2.2297770765125042
put,-1e-06,5,0x1.9000000000000p+6,0x1.90001a36e3c70p+6,0x1.8b085cc00d001p+6,0x1.3ffffffffffffp+2,ok,11.268418974343277
put,0.0,1e-08,0x1.9000000000000p+6,0x1.9000000000000p+6,0x1.ac5c6b456ed36p-22,0x1.5798ee2308c3ap-27,ok,1.0
put,0.0,1e-07,0x1.9000000000000p+6,0x1.9000000000000p+6,0x1.0bb9c30b6543fp-18,0x1.ad7f29abcaf47p-24,ok,1.0000000000000009
put,0.0,1e-06,0x1.9000000000000p+6,0x1.9000000000000p+6,0x1.4ea833ce3e85cp-15,0x1.0c6f7a0b5ed8dp-20,ok,1.0000000000000833
put,0.0,1e-05,0x1.9000000000000p+6,0x1.9000000000000p+6,0x1.a25240c1c6be0p-12,0x1.4f8b588e368f1p-17,ok,1.0000000000083333
put,0.0,0.0001,0x1.9000000000000p+6,0x1.9000000000000p+6,0x1.057368774d022p-8,0x1.a36e2eb1c432ep-14,ok,1.0000000008333334
put,0.0,0.001,0x1.9000000000000p+6,0x1.9000000000000p+6,0x1.46d041b2f38fap-5,0x1.0624dd2f1a9fcp-10,ok,1.0000000833333376
put,0.0,0.003,0x1.9000000000000p+6,0x1.9000000000000p+6,0x1.ea3857d6eaec5p-4,0x1.89374bc6a7efap-9,ok,1.0000007500003374
put,0.0,0.01,0x1.9000000000000p+6,0x1.9000000000000p+6,0x1.9883e3aff8353p-2,0x1.47ae147ae147bp-7,ok,1.000008333375
put,0.0,0.03,0x1.9000000000000p+6,0x1.9000000000000p+6,0x1.32604d79ff680p+0,0x1.eb851eb851eb8p-6,ok,1.0000750033751085
put,0.0,0.1,0x1.9000000000000p+6,0x1.9000000000000p+6,0x1.fe6ef53bb5da1p+1,0x1.999999999999ap-4,ok,1.000833750148851
put,0.0,0.2,0x1.9000000000000p+6,0x1.9000000000000p+6,0x1.fdcbdb70c3308p+2,0x1.999999999999ap-3,ok,1.0033400095344012
put,0.0,0.3,0x1.9000000000000p+6,0x1.9000000000000p+6,0x1.7d8da08ed45aap+3,0x1.3333333333333p-2,ok,1.007533858753904
put,0.0,0.5,0x1.9000000000000p+6,0x1.9000000000000p+6,0x1.3bdc38d4f4be4p+4,0x1.0000000000000p-1,ok,1.0210960913878628
put,0.0,1,0x1.9000000000000p+6,0x1.9000000000000p+6,0x1.3257062de5af3p+5,0x1.fffffffffffffp-1,ok,1.0876530389043013
put,0.0,2,0x1.9000000000000p+6,0x1.9000000000000p+6,0x1.1113676c34a74p+6,0x1.0000000000000p+1,ok,1.4106861346424482
put,0.0,3,0x1.9000000000000p+6,0x1.9000000000000p+6,0x1.5a8de29b2a5f3p+6,0x1.7ffffffffffffp+1,ok,2.2297757896856045
put,0.0,5,0x1.9000000000000p+6,0x1.9000000000000p+6,0x1.8b0842b2d5596p+6,0x1.4000000000003p+2,ok,11.268413269282005
put,1e-06,1e-08,0x1.9000000000000p+6,0x1.8fffe5c91df0dp+6,0x0.0p+0,nan,skip
put,1e-06,1e-07,0x1.9000000000000p+6,0x1.8fffe5c91df0dp+6,0x1.2f343ba722a26p-97,0x1.ad7f29abcaf48p-24,ok,1.0
put,1e-06,1e-06,0x1.9000000000000p+6,0x1.8fffe5c91df0dp+6,0x1.178f6893f572ap-17,0x1.0c6f7a0b5ed8dp-20,ok,1.0
put,1e-06,1e-05,0x1.9000000000000p+6,0x1.8fffe5c91df0dp+6,0x1.6ffb704543202p-12,0x1.4f8b588e368f1p-17,ok,1.0
put,1e-06,0.0001,0x1.9000000000000p+6,0x1.8fffe5c91df0dp+6,0x1.022fdc5b18755p-8,0x1.a36e2eb1c432ep-14,ok,1.0
put,1e-06,0.001,0x1.9000000000000p+6,0x1.8fffe5c91df0dp+6,0x1.4667662ab6b1bp-5,0x1.0624dd2f1a9fcp-10,ok,1.0
put,1e-06,0.003,0x1.9000000000000p+6,0x1.8fffe5c91df0dp+6,0x1.ea03dbcb745e8p-4,0x1.89374bc6a7efap-9,ok,1.0
put,1e-06,0.01,0x1.9000000000000p+6,0x1.8fffe5c91df0dp+6,0x1.9876bafe56135p-2,0x1.47ae147ae147bp-7,ok,1.0
put,1e-06,0.03,0x1.9000000000000p+6,0x1.8fffe5c91df0dp+6,0x1.325cfc9686fb7p+0,0x1.eb851eb851eb7p-6,ok,1.000033222648262
put,1e-06,0.1,0x1.9000000000000p+6,0x1.8fffe5c91df0dp+6,0x1.fe6d41142f87fp+1,0x1.999999999999ap-4,ok,1.0008212014314222
put,1e-06,0.2,0x1.9000000000000p+6,0x1.8fffe5c91df0dp+6,0x1.fdcaf90553493p+2,0x1.999999999999ap-3,ok,1.0033337115775658
put,1e-06,0.3,0x1.9000000000000p+6,0x1.8fffe5c91df0dp+6,0x1.7d8d2b32a23cep+3,0x1.3333333333333p-2,ok,1.0075296337867468
put,1e-06,0.5,0x1.9000000000000p+6,0x1.8fffe5c91df0dp+6,0x1.3bdbfa0d92ea7p+4,0x1.0000000000000p-1,ok,1.0210935051948353
put,1e-06,1,0x1.9000000000000p+6,0x1.8fffe5c91df0dp+6,0x1.3256e1ed408d2p+5,0x1.0000000000000p+0,ok,1.0876516187145053
put,1e-06,2,0x1.9000000000000p+6,0x1.8fffe5c91df0dp+6,0x1.1113515e0a366p+6,0x1.0000000000000p+1,ok,1.4106851014600872
put,1e-06,3,0x1.9000000000000p+6,0x1.8fffe5c91df0dp+6,0x1.5a8dca249e30bp+6,0x1.8000000000001p+1,ok,2.2297745028596228
put,1e-06,5,0x1.9000000000000p+6,0x1.8fffe5c91df0dp+6,0x1.8b0828a59f694p+6,0x1.3fffffffffffep+2,ok,11.26840756422395
put,0.0001,1e-08,0x1.9000000000000p+6,0x1.8ff5c2b0e9cefp+6,0x0.0p+0,nan,skip
put,0.0001,1e-07,0x1.9000000000000p+6,0x1.8ff5c2b0e9cefp+6,0x0.0p+0,nan,skip
put,0.0001,1e-06,0x1.9000000000000p+6,0x1.8ff5c2b0e9cefp+6,0x0.0p+0,nan,skip
put,0.0001,1e-05,0x1.9000000000000p+6,0x1.8ff5c2b0e9cefp+6,0x1.d9bb9c37b2ac0p-91,0x1.4f8b588e368f1p-17,ok,1.0
put,0.0001,0.0001,0x1.9000000000000p+6,0x1.8ff5c2b0e9cefp+6,0x1.b4ca8a60d234dp-11,0x1.a36e2eb1c432dp-14,ok,1.0
put,0.0001,0.001,0x1.9000000000000p+6,0x1.8ff5c2b0e9cefp+6,0x1.1f78ca3d850aap-5,0x1.0624dd2f1a9fcp-10,ok,1.0
put,0.0001,0.003,0x1.9000000000000p+6,0x1.8ff5c2b0e9cefp+6,0x1.d5fd2934351acp-4,0x1.89374bc6a7efap-9,ok,1.0
put,0.0001,0.01,0x1.9000000000000p+6,0x1.8ff5c2b0e9cefp+6,0x1.93653c1f299d5p-2,0x1.47ae147ae147bp-7,ok,1.0
put,0.0001,0.03,0x1.9000000000000p+6,0x1.8ff5c2b0e9cefp+6,0x1.3115273dd6a80p+0,0x1.eb851eb851eb8p-6,ok,1.0
put,0.0001,0.1,0x1.9000000000000p+6,0x1.8ff5c2b0e9cefp+6,0x1.fdc4a87f2e76cp+1,0x1.999999999999ap-4,ok,1.0
put,0.0001,0.2,0x1.9000000000000p+6,0x1.8ff5c2b0e9cefp+6,0x1.fd736eb6cff37p+2,0x1.999999999999ap-3,ok,1.0027104629268255
put,0.0001,0.3,0x1.9000000000000p+6,0x1.8ff5c2b0e9cefp+6,0x1.7d5fca7d64ba7p+3,0x1.3333333333333p-2,ok,1.0071114736757025
put,0.0001,0.5,0x1.9000000000000p+6,0x1.8ff5c2b0e9cefp+6,0x1.3bc3b3a90b8edp+4,0x1.0000000000000p-1,ok,1.0208375133611352
put,0.0001,1,0x1.9000000000000p+6,0x1.8ff5c2b0e9cefp+6,0x1.3248dd32b80cep+5,0x1.fffffffffffffp-1,ok,1.087511031603773
put,0.0001,2,0x1.9000000000000p+6,0x1.8ff5c2b0e9cefp+6,0x1.110aca0397f3cp+6,0x1.0000000000000p+1,ok,1.410582821135138
put,0.0001,3,0x1.9000000000000p+6,0x1.8ff5c2b0e9cefp+6,0x1.5a84546cd6f1bp+6,0x1.8000000000000p+1,ok,2.229647111622928
put,0.0001,5,0x1.9000000000000p+6,0x1.8ff5c2b0e9cefp+6,0x1.8afe15aae44f6p+6,0x1.3fffffffffffcp+2,ok,11.267842779855087
put,0.001,1e-08,0x1.9000000000000p+6,0x1.8f99a6b3ecccbp+6,0x0.0p+0,nan,skip
put,0.001,1e-07,0x1.9000000000000p+6,0x1.8f99a6b3ecccbp+6,0x0.0p+0,nan,skip
put,0.001,1e-06,0x1.9000000000000p+6,0x1.8f99a6b3ecccbp+6,0x0.0p+0,nan,skip
put,0.001,1e-05,0x1.9000000000000p+6,0x1.8f99a6b3ecccbp+6,0x0.0p+0,nan,skip
put,0.001,0.0001,0x1.9000000000000p+6,0x1.8f99a6b3ecccbp+6,0x1.27f327bb5b33ep-87,0x1.a36e2eb1c432dp-14,ok,1.0
put,0.001,0.001,0x1.9000000000000p+6,0x1.8f99a6b3ecccbp+6,0x1.10df23f539733p-7,0x1.0624dd2f1a9fcp-10,ok,1.0
put,0.001,0.003,0x1.9000000000000p+6,0x1.8f99a6b3ecccbp+6,0x1.383fbf4df564fp-4,0x1.89374bc6a7efap-9,ok,1.0
put,0.001,0.01,0x1.9000000000000p+6,0x1.8f99a6b3ecccbp+6,0x1.672d2cf6868b2p-2,0x1.47ae147ae147bp-7,ok,1.0
put,0.001,0.03,0x1.9000000000000p+6,0x1.8f99a6b3ecccbp+6,0x1.25997d05d0b17p+0,0x1.eb851eb851eb8p-6,ok,1.0
put,0.001,0.1,0x1.9000000000000p+6,0x1.8f99a6b3ecccbp+6,0x1.f7ce994d3db92p+1,0x1.999999999999ap-4,ok,1.0
put,0.001,0.2,0x1.9000000000000p+6,0x1.8f99a6b3ecccbp+6,0x1.fa59786ee1418p+2,0x1.999999999999ap-3,ok,1.0
put,0.001,0.3,0x1.9000000000000p+6,0x1.8f99a6b3ecccbp+6,0x1.7bc3f4b198872p+3,0x1.3333333333333p-2,ok,1.003320135619058
put,0.001,0.5,0x1.9000000000000p+6,0x1.8f99a6b3ecccbp+6,0x1.3ae745d3c6833p+4,0x1.0000000000000p-1,ok,1.0185140587451726
put,0.001,1,0x1.9000000000000p+6,0x1.8f99a6b3ecccbp+6,0x1.31c984fa1c726p+5,0x1.0000000000000p+0,ok,1.0862340269427
put,0.001,2,0x1.9000000000000p+6,0x1.8f99a6b3ecccbp+6,0x1.10bd4caf1784dp+6,0x1.0000000000001p+1,ok,1.4096534293033063
put,0.001,3,0x1.9000000000000p+6,0x1.8f99a6b3ecccbp+6,0x1.5a2e604f53911p+6,0x1.8000000000000p+1,ok,2.2284894212735717
put,0.001,5,0x1.9000000000000p+6,0x1.8f99a6b3ecccbp+6,0x1.8aa28c260b7edp+6,0x1.3fffffffffffcp+2,ok,11.2627098631932
put,0.01,1e-08,0x1.9000000000000p+6,0x1.8c051a5ca12a6p+6,0x0.0p+0,nan,skip
put,0.01,1e-07,0x1.9000000000000p+6,0x1.8c051a5ca12a6p+6,0x0.0p+0,nan,skip
put,0.01,1e-06,0x1.9000000000000p+6,0x1.8c051a5ca12a6p+6,0x0.0p+0,nan,skip
put,0.01,1e-05,0x1.9000000000000p+6,0x1.8c051a5ca12a6p+6,0x0.0p+0,nan,skip
put,0.01,0.0001,0x1.9000000000000p+6,0x1.8c051a5ca12a6p+6,0x0.0p+0,nan,skip
put,0.01,0.001,0x1.9000000000000p+6,0x1.8c051a5ca12a6p+6,0x1.7046b8e5398c6p-84,0x1.0624dd2f1a9fcp-10,ok,1.0
put,0.01,0.003,0x1.9000000000000p+6,0x1.8c051a5ca12a6p+6,0x1.18a56df715d03p-15,0x1.89374bc6a7efap-9,ok,1.0
put,0.01,0.01,0x1.9000000000000p+6,0x1.8c051a5ca12a6p+6,0x1.538e30bc3b8a4p-4,0x1.47ae147ae147bp-7,ok,1.0
put,0.01,0.03,0x1.9000000000000p+6,0x1.8c051a5ca12a6p+6,0x1.8489fc0d44249p-1,0x1.eb851eb851eb8p-6,ok,1.0
put,0.01,0.1,0x1.9000000000000p+6,0x1.8c051a5ca12a6p+6,0x1.bebf8599ef539p+1,0x1.999999999999ap-4,ok,1.0
put,0.01,0.2,0x1.9000000000000p+6,0x1.8c051a5ca12a6p+6,0x1.dc0d241ac3b19p+2,0x1.999999999999ap-3,ok,1.0
put,0.01,0.3,0x1.9000000000000p+6,0x1.8c051a5ca12a6p+6,0x1.6bf1abbe2d986p+3,0x1.3333333333333p-2,ok,1.0
put,0.01,0.5,0x1.9000000000000p+6,0x1.8c051a5ca12a6p+6,0x1.3263e66ac93c6p+4,0x1.fffffffffffffp-2,ok,1.0
put,0.01,1,0x1.9000000000000p+6,0x1.8c051a5ca12a6p+6,0x1.2cd98d9e3837bp+5,0x1.fffffffffffffp-1,ok,1.0735683424245426
put,0.01,2,0x1.9000000000000p+6,0x1.8c051a5ca12a6p+6,0x1.0dbac6d55021dp+6,0x1.fffffffffffffp+0,ok,1.4004019017355884
put,0.01,3,0x1.9000000000000p+6,0x1.8c051a5ca12a6p+6,0x1.56d7471b0096ep+6,0x1.8000000000000p+1,ok,2.2169532158485814
put,0.01,5,0x1.9000000000000p+6,0x1.8c051a5ca12a6p+6,0x1.8713b558cc679p+6,0x1.3fffffffffffcp+2,ok,11.211527713497572
put,0.05,1e-08,0x1.9000000000000p+6,0x1.7c7de4a029632p+6,0x0.0p+0,nan,skip
put,0.05,1e-07,0x1.9000000000000p+6,0x1.7c7de4a029632p+6,0x0.0p+0,nan,skip
put,0.05,1e-06,0x1.9000000000000p+6,0x1.7c7de4a029632p+6,0x0.0p+0,nan,skip
put,0.05,1e-05,0x1.9000000000000p+6,0x1.7c7de4a029632p+6,0x0.0p+0,nan,skip
put,0.05,0.0001,0x1.9000000000000p+6,0x1.7c7de4a029632p+6,0x0.0p+0,nan,skip
put,0.05,0.001,0x1.9000000000000p+6,0x1.7c7de4a029632p+6,0x0.0p+0,nan,skip
put,0.05,0.003,0x1.9000000000000p+6,0x1.7c7de4a029632p+6,0x1.50543ab2331e6p-212,0x1.89374bc6a7efap-9,ok,1.0
put,0.05,0.01,0x1.9000000000000p+6,0x1.7c7de4a029632p+6,0x1.bfe36e18b2903p-25,0x1.47ae147ae147bp-7,ok,1.0
put,0.05,0.03,0x1.9000000000000p+6,0x1.7c7de4a029632p+6,0x1.db2fdf102062cp-5,0x1.eb851eb851eb8p-6,ok,1.0
put,0.05,0.1,0x1.9000000000000p+6,0x1.7c7de4a029632p+6,0x1.ed8add6466a99p+0,0x1.999999999999ap-4,ok,1.0
put,0.05,0.2,0x1.9000000000000p+6,0x1.7c7de4a029632p+6,0x1.64b4a67d3fea0p+2,0x1.999999999999ap-3,ok,1.0
put,0.05,0.3,0x1.9000000000000p+6,0x1.7c7de4a029632p+6,0x1.2b55957126619p+3,0x1.3333333333333p-2,ok,1.0
put,0.05,0.5,0x1.9000000000000p+6,0x1.7c7de4a029632p+6,0x1.0ea61441f481fp+4,0x1.0000000000000p-1,ok,1.0
put,0.05,1,0x1.9000000000000p+6,0x1.7c7de4a029632p+6,0x1.17b4705c0048ep+5,0x1.0000000000000p+0,ok,1.0194993851554035
put,0.05,2,0x1.9000000000000p+6,0x1.7c7de4a029632p+6,0x1.00b8bdfcdccc9p+6,0x1.0000000000000p+1,ok,1.3601999698475744
put,0.05,3,0x1.9000000000000p+6,0x1.7c7de4a029632p+6,0x1.485ecf738542bp+6,0x1.8000000000000p+1,ok,2.1665643901693095
put,0.05,5,0x1.9000000000000p+6,0x1.7c7de4a029632p+6,0x1.77a59a5eb13d5p+6,0x1.4000000000003p+2,ok,10.987251485239321
put,0.1,1e-08,0x1.9000000000000p+6,0x1.69ef5a02e89c5p+6,0x0.0p+0,nan,skip
put,0.1,1e-07,0x1.9000000000000p+6,0x1.69ef5a02e89c5p+6,0x0.0p+0,nan,skip
put,0.1,1e-06,0x1.9000000000000p+6,0x1.69ef5a02e89c5p+6,0x0.0p+0,nan,skip
put,0.1,1e-05,0x1.9000000000000p+6,0x1.69ef5a02e89c5p+6,0x0.0p+0,nan,skip
put,0.1,0.0001,0x1.9000000000000p+6,0x1.69ef5a02e89c5p+6,0x0.0p+0,nan,skip
put,0.1,0.001,0x1.9000000000000p+6,0x1.69ef5a02e89c5p+6,0x0.0p+0,nan,skip
put,0.1,0.003,0x1.9000000000000p+6,0x1.69ef5a02e89c5p+6,0x1.2fa4bb0287bf3p-815,0x1.89374bc6a7efap-9,ok,1.0
put,0.1,0.01,0x1.9000000000000p+6,0x1.69ef5a02e89c5p+6,0x1.b81568820d7e5p-81,0x1.47ae147ae147bp-7,ok,1.0
put,0.1,0.03,0x1.9000000000000p+6,0x1.69ef5a02e89c5p+6,0x1.4f569dfb5ce32p-12,0x1.eb851eb851eb8p-6,ok,1.0
put,0.1,0.1,0x1.9000000000000p+6,0x1.69ef5a02e89c5p+6,0x1.9572f6bbf8202p-1,0x1.999999999999ap-4,ok,1.0
put,0.1,0.2,0x1.9000000000000p+6,0x1.69ef5a02e89c5p+6,0x1.e0700384e252fp+1,0x1.999999999999ap-3,ok,1.0
put,0.1,0.3,0x1.9000000000000p+6,0x1.69ef5a02e89c5p+6,0x1.cdf1ab9a59842p+2,0x1.3333333333333p-2,ok,1.0
put,0.1,0.5,0x1.9000000000000p+6,0x1.69ef5a02e89c5p+6,0x1.cd22b4dcad6ebp+3,0x1.0000000000000p-1,ok,1.0
put,0.1,1,0x1.9000000000000p+6,0x1.69ef5a02e89c5p+6,0x1.fe13402a7dd26p+4,0x1.0000000000000p+0,ok,1.0
put,0.1,2,0x1.9000000000000p+6,0x1.69ef5a02e89c5p+6,0x1.e28f6ffa47ea3p+5,0x1.0000000000000p+1,ok,1.3119774685333696
put,0.1,3,0x1.9000000000000p+6,0x1.69ef5a02e89c5p+6,0x1.371d47384a07ep+6,0x1.8000000000000p+1,ok,2.105552367891124
put,0.1,5,0x1.9000000000000p+6,0x1.69ef5a02e89c5p+6,0x1.6535d4b0180dep+6,0x1.4000000000003p+2,ok,10.714100655236937
put,0.2,1e-08,0x1.9000000000000p+6,0x1.477e077417c0ep+6,0x0.0p+0,nan,skip
put,0.2,1e-07,0x1.9000000000000p+6,0x1.477e077417c0ep+6,0x0.0p+0,nan,skip
put,0.2,1e-06,0x1.9000000000000p+6,0x1.477e077417c0ep+6,0x0.0p+0,nan,skip
put,0.2,1e-05,0x1.9000000000000p+6,0x1.477e077417c0ep+6,0x0.0p+0,nan,skip
put,0.2,0.0001,0x1.9000000000000p+6,0x1.477e077417c0ep+6,0x0.0p+0,nan,skip
put,0.2,0.001,0x1.9000000000000p+6,0x1.477e077417c0ep+6,0x0.0p+0,nan,skip
put,0.2,0.003,0x1.9000000000000p+6,0x1.477e077417c0ep+6,0x0.0p+0,nan,skip
put,0.2,0.01,0x1.9000000000000p+6,0x1.477e077417c0ep+6,0x1.433857cefc68ep-299,0x1.47ae147ae147bp-7,ok,1.0
put,0.2,0.03,0x1.9000000000000p+6,0x1.477e077417c0ep+6,0x1.679d5e04d446dp-38,0x1.eb851eb851eb8p-6,ok,1.0
put,0.2,0.1,0x1.9000000000000p+6,0x1.477e077417c0ep+6,0x1.3a5fde5960571p-4,0x1.999999999999ap-4,ok,1.0
put,0.2,0.2,0x1.9000000000000p+6,0x1.477e077417c0ep+6,0x1.80c224f9f16e2p+0,0x1.999999999999ap-3,ok,1.0
put,0.2,0.3,0x1.9000000000000p+6,0x1.477e077417c0ep+6,0x1.04e6a3088bd48p+2,0x1.3333333333333p-2,ok,1.0
put,0.2,0.5,0x1.9000000000000p+6,0x1.477e077417c0ep+6,0x1.48aabe6d88823p+3,0x1.0000000000000p-1,ok,1.0
put,0.2,1,0x1.9000000000000p+6,0x1.477e077417c0ep+6,0x1.a64d975d3163fp+4,0x1.0000000000000p+0,ok,1.0
put,0.2,2,0x1.9000000000000p+6,0x1.477e077417c0ep+6,0x1.a9e52c32fcfdfp+5,0x1.0000000000000p+1,ok,1.2218583590635286
put,0.2,3,0x1.9000000000000p+6,0x1.477e077417c0ep+6,0x1.1734072b72736p+6,0x1.8000000000001p+1,ok,1.9897795923780088
put,0.2,5,0x1.9000000000000p+6,0x1.477e077417c0ep+6,0x1.43000ddfc8f5fp+6,0x1.3ffffffffffffp+2,ok,10.190837704168795
put,0.5,1e-08,0x1.9000000000000p+6,0x1.e5397aa6e5a70p+5,0x0.0p+0,nan,skip
put,0.5,1e-07,0x1.9000000000000p+6,0x1.e5397aa6e5a70p+5,0x0.0p+0,nan,skip
put,0.5,1e-06,0x1.9000000000000p+6,0x1.e5397aa6e5a70p+5,0x0.0p+0,nan,skip
put,0.5,1e-05,0x1.9000000000000p+6,0x1.e5397aa6e5a70p+5,0x0.0p+0,nan,skip
put,0.5,0.0001,0x1.9000000000000p+6,0x1.e5397aa6e5a70p+5,0x0.0p+0,nan,skip
put,0.5,0.001,0x1.9000000000000p+6,0x1.e5397aa6e5a70p+5,0x0.0p+0,nan,skip
put,0.5,0.003,0x1.9000000000000p+6,0x1.e5397aa6e5a70p+5,0x0.0p+0,nan,skip
put,0.5,0.01,0x1.9000000000000p+6,0x1.e5397aa6e5a70p+5,0x0.0p+0,nan,skip
put,0.5,0.03,0x1.9000000000000p+6,0x1.e5397aa6e5a70p+5,0x1.4fab08751747ap-209,0x1.eb851eb851eb8p-6,ok,1.0
put,0.5,0.1,0x1.9000000000000p+6,0x1.e5397aa6e5a70p+5,0x1.be8a3b04455bfp-22,0x1.999999999999ap-4,ok,1.0
put,0.5,0.2,0x1.9000000000000p+6,0x1.e5397aa6e5a70p+5,0x1.fd53d874f3597p-6,0x1.999999999999ap-3,ok,1.0
put,0.5,0.3,0x1.9000000000000p+6,0x1.e5397aa6e5a70p+5,0x1.d6611bfb1a20dp-2,0x1.3333333333333p-2,ok,1.0
put,0.5,0.5,0x1.9000000000000p+6,0x1.e5397aa6e5a70p+5,0x1.97201381cdf01p+1,0x1.0000000000000p-1,ok,1.0
put,0.5,1,0x1.9000000000000p+6,0x1.e5397aa6e5a70p+5,0x1.cec092fe9deafp+3,0x1.0000000000000p+0,ok,1.0
put,0.5,2,0x1.9000000000000p+6,0x1.e5397aa6e5a70p+5,0x1.22bd53b9ba780p+5,0x1.0000000000000p+1,ok,1.0
put,0.5,3,0x1.9000000000000p+6,0x1.e5397aa6e5a70p+5,0x1.92bbfcb804063p+5,0x1.8000000000001p+1,ok,1.686879726926064
put,0.5,5,0x1.9000000000000p+6,0x1.e5397aa6e5a70p+5,0x1.dd84972e933a3p+5,0x1.4000000000001p+2,ok,8.788909178064728
put,1,1e-08,0x1.9000000000000p+6,0x1.264db5a531ae4p+5,0x0.0p+0,nan,skip
put,1,1e-07,0x1.9000000000000p+6,0x1.264db5a531ae4p+5,0x0.0p+0,nan,skip
put,1,1e-06,0x1.9000000000000p+6,0x1.264db5a531ae4p+5,0x0.0p+0,nan,skip
put,1,1e-05,0x1.9000000000000p+6,0x1.264db5a531ae4p+5,0x0.0p+0,nan,skip
put,1,0.0001,0x1.9000000000000p+6,0x1.264db5a531ae4p+5,0x0.0p+0,nan,skip
put,1,0.001,0x1.9000000000000p+6,0x1.264db5a531ae4p+5,0x0.0p+0,nan,skip
put,1,0.003,0x1.9000000000000p+6,0x1.264db5a531ae4p+5,0x0.0p+0,nan,skip
put,1,0.01,0x1.9000000000000p+6,0x1.264db5a531ae4p+5,0x0.0p+0,nan,skip
put,1,0.03,0x1.9000000000000p+6,0x1.264db5a531ae4p+5,0x1.e3f9ab0207fb0p-813,0x1.eb851eb851eb8p-6,ok,1.0
put,1,0.1,0x1.9000000000000p+6,0x1.264db5a531ae4p+5,0x1.5e5621d619f35p-78,0x1.999999999999ap-4,ok,1.0
put,1,0.2,0x1.9000000000000p+6,0x1.264db5a531ae4p+5,0x1.5a8bf486be01bp-21,0x1.999999999999ap-3,ok,1.0
put,1,0.3,0x1.9000000000000p+6,0x1.264db5a531ae4p+5,0x1.08a90c0dcb42dp-9,0x1.3333333333333p-2,ok,1.0
put,1,0.5,0x1.9000000000000p+6,0x1.264db5a531ae4p+5,0x1.0146d48d55c3dp-2,0x1.0000000000000p-1,ok,1.0
put,1,1,0x1.9000000000000p+6,0x1.264db5a531ae4p+5,0x1.2add0be56d8c6p+2,0x1.0000000000000p+0,ok,1.0
put,1,2,0x1.9000000000000p+6,0x1.264db5a531ae4p+5,0x1.2c1bb2bdb1764p+4,0x1.0000000000000p+1,ok,1.0
put,1,3,0x1.9000000000000p+6,0x1.264db5a531ae4p+5,0x1.cf965f62827a1p+4,0x1.8000000000000p+1,ok,1.2996796475846486
put,1,5,0x1.9000000000000p+6,0x1.264db5a531ae4p+5,0x1.205fb3563c2dep+5,0x1.3fffffffffffdp+2,ok,6.918137272438902
put,1.5,1e-08,0x1.9000000000000p+6,0x1.65021d14adff7p+4,0x0.0p+0,nan,skip
put,1.5,1e-07,0x1.9000000000000p+6,0x1.65021d14adff7p+4,0x0.0p+0,nan,skip
put,1.5,1e-06,0x1.9000000000000p+6,0x1.65021d14adff7p+4,0x0.0p+0,nan,skip
put,1.5,1e-05,0x1.9000000000000p+6,0x1.65021d14adff7p+4,0x0.0p+0,nan,skip
put,1.5,0.0001,0x1.9000000000000p+6,0x1.65021d14adff7p+4,0x0.0p+0,nan,skip
put,1.5,0.001,0x1.9000000000000p+6,0x1.65021d14adff7p+4,0x0.0p+0,nan,skip
put,1.5,0.003,0x1.9000000000000p+6,0x1.65021d14adff7p+4,0x0.0p+0,nan,skip
put,1.5,0.01,0x1.9000000000000p+6,0x1.65021d14adff7p+4,0x0.0p+0,nan,skip
put,1.5,0.03,0x1.9000000000000p+6,0x1.65021d14adff7p+4,0x0.0p+0,nan,skip
put,1.5,0.1,0x1.9000000000000p+6,0x1.65021d14adff7p+4,0x1.b681846fb3361p-170,0x1.999999999999ap-4,ok,1.0
put,1.5,0.2,0x1.9000000000000p+6,0x1.65021d14adff7p+4,0x1.5c7c5ab19a518p-45,0x1.999999999999ap-3,ok,1.0
put,1.5,0.3,0x1.9000000000000p+6,0x1.65021d14adff7p+4,0x1.92795ae6748a5p-21,0x1.3333333333333p-2,ok,1.0
put,1.5,0.5,0x1.9000000000000p+6,0x1.65021d14adff7p+4,0x1.1fdded04b29f3p-7,0x1.0000000000000p-1,ok,1.0
put,1.5,1,0x1.9000000000000p+6,0x1.65021d14adff7p+4,0x1.43db3c6f48a95p+0,0x1.0000000000000p+0,ok,1.0
put,1.5,2,0x1.9000000000000p+6,0x1.65021d14adff7p+4,0x1.2b4c01af1e1d3p+3,0x1.0000000000000p+1,ok,1.0
put,1.5,3,0x1.9000000000000p+6,0x1.65021d14adff7p+4,0x1.07f780d502b0bp+4,0x1.8000000000000p+1,ok,1.0185608608052132
put,1.5,5,0x1.9000000000000p+6,0x1.65021d14adff7p+4,0x1.5bf4d6c58f375p+4,0x1.4000000000002p+2,ok,5.494891834480205
put,2,1e-08,0x1.9000000000000p+6,0x1.b112a9fdb3acfp+3,0x0.0p+0,nan,skip
put,2,1e-07,0x1.9000000000000p+6,0x1.b112a9fdb3acfp+3,0x0.0p+0,nan,skip
put,2,1e-06,0x1.9000000000000p+6,0x1.b112a9fdb3acfp+3,0x0.0p+0,nan,skip
put,2,1e-05,0x1.9000000000000p+6,0x1.b112a9fdb3acfp+3,0x0.0p+0,nan,skip
put,2,0.0001,0x1.9000000000000p+6,0x1.b112a9fdb3acfp+3,0x0.0p+0,nan,skip
put,2,0.001,0x1.9000000000000p+6,0x1.b112a9fdb3acfp+3,0x0.0p+0,nan,skip
put,2,0.003,0x1.9000000000000p+6,0x1.b112a9fdb3acfp+3,0x0.0p+0,nan,skip
put,2,0.01,0x1.9000000000000p+6,0x1.b112a9fdb3acfp+3,0x0.0p+0,nan,skip
put,2,0.03,0x1.9000000000000p+6,0x1.b112a9fdb3acfp+3,0x0.0p+0,nan,skip
put,2,0.1,0x1.9000000000000p+6,0x1.b112a9fdb3acfp+3,0x1.481fd8863f897p-297,0x1.999999999999ap-4,ok,1.0
put,2,0.2,0x1.9000000000000p+6,0x1.b112a9fdb3acfp+3,0x1.a76b2c16712dbp-78,0x1.999999999999ap-3,ok,1.0
put,2,0.3,0x1.9000000000000p+6,0x1.b112a9fdb3acfp+3,0x1.69a1605618dc3p-36,0x1.3333333333333p-2,ok,1.0
put,2,0.5,0x1.9000000000000p+6,0x1.b112a9fdb3acfp+3,0x1.0be6b64e4048cp-13,0x1.0000000000000p-1,ok,1.0
put,2,1,0x1.9000000000000p+6,0x1.b112a9fdb3acfp+3,0x1.21f77a7e51b2bp-2,0x1.0000000000000p+0,ok,1.0
put,2,2,0x1.9000000000000p+6,0x1.b112a9fdb3acfp+3,0x1.1f78d90c4624ap+2,0x1.0000000000000p+1,ok,1.0
put,2,3,0x1.9000000000000p+6,0x1.b112a9fdb3acfp+3,0x1.290894a876756p+3,0x1.8000000000000p+1,ok,1.0
put,2,5,0x1.9000000000000p+6,0x1.b112a9fdb3acfp+3,0x1.a35d9efdbbf1bp+3,0x1.4000000000000p+2,ok,4.403227879418647
put,3,1e-08,0x1.9000000000000p+6,0x1.3ea3220017a09p+2,0x0.0p+0,nan,skip
put,3,1e-07,0x1.9000000000000p+6,0x1.3ea3220017a09p+2,0x0.0p+0,nan,skip
put,3,1e-06,0x1.9000000000000p+6,0x1.3ea3220017a09p+2,0x0.0p+0,nan,skip
put,3,1e-05,0x1.9000000000000p+6,0x1.3ea3220017a09p+2,0x0.0p+0,nan,skip
put,3,0.0001,0x1.9000000000000p+6,0x1.3ea3220017a09p+2,0x0.0p+0,nan,skip
put,3,0.001,0x1.9000000000000p+6,0x1.3ea3220017a09p+2,0x0.0p+0,nan,skip
put,3,0.003,0x1.9000000000000p+6,0x1.3ea3220017a09p+2,0x0.0p+0,nan,skip
put,3,0.01,0x1.9000000000000p+6,0x1.3ea3220017a09p+2,0x0.0p+0,nan,skip
put,3,0.03,0x1.9000000000000p+6,0x1.3ea3220017a09p+2,0x0.0p+0,nan,skip
put,3,0.1,0x1.9000000000000p+6,0x1.3ea3220017a09p+2,0x1.bd699634f53fbp-660,0x1.999999999999ap-4,ok,1.0
put,3,0.2,0x1.9000000000000p+6,0x1.3ea3220017a09p+2,0x1.9cbbdac0cba10p-170,0x1.999999999999ap-3,ok,1.0
put,3,0.3,0x1.9000000000000p+6,0x1.3ea3220017a09p+2,0x1.7ede86c11e2d6p-78,0x1.3333333333333p-2,ok,1.0
put,3,0.5,0x1.9000000000000p+6,0x1.3ea3220017a09p+2,0x1.d16d5c4767117p-30,0x1.0000000000000p-1,ok,1.0
put,3,1,0x1.9000000000000p+6,0x1.3ea3220017a09p+2,0x1.f58f4f8ed5f17p-8,0x1.0000000000000p+0,ok,1.0
put,3,2,0x1.9000000000000p+6,0x1.3ea3220017a09p+2,0x1.d48eba1f28860p-1,0x1.0000000000000p+1,ok,1.0
put,3,3,0x1.9000000000000p+6,0x1.3ea3220017a09p+2,0x1.692aebd3104b1p+1,0x1.8000000000000p+1,ok,1.0
put,3,5,0x1.9000000000000p+6,0x1.3ea3220017a09p+2,0x1.2f4b5e90a6076p+2,0x1.4000000000001p+2,ok,2.9012780330063284
put,5,1e-08,0x1.9000000000000p+6,0x1.58fb9e70a6934p-1,0x0.0p+0,nan,skip
put,5,1e-07,0x1.9000000000000p+6,0x1.58fb9e70a6934p-1,0x0.0p+0,nan,skip
put,5,1e-06,0x1.9000000000000p+6,0x1.58fb9e70a6934p-1,0x0.0p+0,nan,skip
put,5,1e-05,0x1.9000000000000p+6,0x1.58fb9e70a6934p-1,0x0.0p+0,nan,skip
put,5,0.0001,0x1.9000000000000p+6,0x1.58fb9e70a6934p-1,0x0.0p+0,nan,skip
put,5,0.001,0x1.9000000000000p+6,0x1.58fb9e70a6934p-1,0x0.0p+0,nan,skip
put,5,0.003,0x1.9000000000000p+6,0x1.58fb9e70a6934p-1,0x0.0p+0,nan,skip
put,5,0.01,0x1.9000000000000p+6,0x1.58fb9e70a6934p-1,0x0.0p+0,nan,skip
put,5,0.03,0x1.9000000000000p+6,0x1.58fb9e70a6934p-1,0x0.0p+0,nan,skip
put,5,0.1,0x1.9000000000000p+6,0x1.58fb9e70a6934p-1,0x0.0p+0,nan,skip
put,5,0.2,0x1.9000000000000p+6,0x1.58fb9e70a6934p-1,0x1.2f7a9b6dac171p-461,0x1.999999999999ap-3,ok,1.0
put,5,0.3,0x1.9000000000000p+6,0x1.58fb9e70a6934p-1,0x1.5de684429e492p-209,0x1.3333333333333p-2,ok,1.0
put,5,0.5,0x1.9000000000000p+6,0x1.58fb9e70a6934p-1,0x1.cc5ff2d386be6p-79,0x1.0000000000000p-1,ok,1.0
put,5,1,0x1.9000000000000p+6,0x1.58fb9e70a6934p-1,0x1.a32a425b9e622p-22,0x1.0000000000000p+0,ok,1.0
put,5,2,0x1.9000000000000p+6,0x1.58fb9e70a6934p-1,0x1.64601c5ddf0ccp-6,0x1.0000000000000p+1,ok,1.0
put,5,3,0x1.9000000000000p+6,0x1.58fb9e70a6934p-1,0x1.b8bd2a8b724efp-3,0x1.8000000000000p+1,ok,1.0
put,5,5,0x1.9000000000000p+6,0x1.58fb9e70a6934p-1,0x1.3606623b18409p-1,0x1.4000000000000p+2,ok,1.3877150476613114
put,7.5,1e-08,0x1.9000000000000p+6,0x1.c51633057bdddp-5,0x0.0p+0,nan,skip
put,7.5,1e-07,0x1.9000000000000p+6,0x1.c51633057bdddp-5,0x0.0p+0,nan,skip
put,7.5,1e-06,0x1.9000000000000p+6,0x1.c51633057bdddp-5,0x0.0p+0,nan,skip
put,7.5,1e-05,0x1.9000000000000p+6,0x1.c51633057bdddp-5,0x0.0p+0,nan,skip
put,7.5,0.0001,0x1.9000000000000p+6,0x1.c51633057bdddp-5,0x0.0p+0,nan,skip
put,7.5,0.001,0x1.9000000000000p+6,0x1.c51633057bdddp-5,0x0.0p+0,nan,skip
put,7.5,0.003,0x1.9000000000000p+6,0x1.c51633057bdddp-5,0x0.0p+0,nan,skip
put,7.5,0.01,0x1.9000000000000p+6,0x1.c51633057bdddp-5,0x0.0p+0,nan,skip
put,7.5,0.03,0x1.9000000000000p+6,0x1.c51633057bdddp-5,0x0.0p+0,nan,skip
put,7.5,0.1,0x1.9000000000000p+6,0x1.c51633057bdddp-5,0x0.0p+0,nan,skip
put,7.5,0.2,0x1.9000000000000p+6,0x1.c51633057bdddp-5,0x0.069a796111baap-1022,0x1.999999999999ap-3,ok,1.0
put,7.5,0.3,0x1.9000000000000p+6,0x1.c51633057bdddp-5,0x1.0339752fa116ap-462,0x1.3333333333333p-2,ok,1.0
put,7.5,0.5,0x1.9000000000000p+6,0x1.c51633057bdddp-5,0x1.a7d7f18818c51p-172,0x1.0000000000000p-1,ok,1.0
put,7.5,1,0x1.9000000000000p+6,0x1.c51633057bdddp-5,0x1.34f0ced0c421dp-47,0x1.0000000000000p+0,ok,1.0
put,7.5,2,0x1.9000000000000p+6,0x1.c51633057bdddp-5,0x1.08a6aa04542bep-14,0x1.0000000000000p+1,ok,1.0
put,7.5,3,0x1.9000000000000p+6,0x1.c51633057bdddp-5,0x1.6f841c1341eb0p-8,0x1.8000000000000p+1,ok,1.0
put,7.5,5,0x1.9000000000000p+6,0x1.c51633057bdddp-5,0x1.6341cdd089409p-5,0x1.4000000000000p+2,ok,1.0
put,10,1e-08,0x1.9000000000000p+6,0x1.2988715b68159p-8,0x0.0p+0,nan,skip
put,10,1e-07,0x1.9000000000000p+6,0x1.2988715b68159p-8,0x0.0p+0,nan,skip
put,10,1e-06,0x1.9000000000000p+6,0x1.2988715b68159p-8,0x0.0p+0,nan,skip
put,10,1e-05,0x1.9000000000000p+6,0x1.2988715b68159p-8,0x0.0p+0,nan,skip
put,10,0.0001,0x1.9000000000000p+6,0x1.2988715b68159p-8,0x0.0p+0,nan,skip
put,10,0.001,0x1.9000000000000p+6,0x1.2988715b68159p-8,0x0.0p+0,nan,skip
put,10,0.003,0x1.9000000000000p+6,0x1.2988715b68159p-8,0x0.0p+0,nan,skip
put,10,0.01,0x1.9000000000000p+6,0x1.2988715b68159p-8,0x0.0p+0,nan,skip
put,10,0.03,0x1.9000000000000p+6,0x1.2988715b68159p-8,0x0.0p+0,nan,skip
put,10,0.1,0x1.9000000000000p+6,0x1.2988715b68159p-8,0x0.0p+0,nan,skip
put,10,0.2,0x1.9000000000000p+6,0x1.2988715b68159p-8,0x0.0p+0,nan,skip
put,10,0.3,0x1.9000000000000p+6,0x1.2988715b68159p-8,0x1.a95cebcc2f58bp-816,0x1.3333333333333p-2,ok,1.0
put,10,0.5,0x1.9000000000000p+6,0x1.2988715b68159p-8,0x1.d2a4e42289907p-301,0x1.0000000000000p-1,ok,1.0
put,10,1,0x1.9000000000000p+6,0x1.2988715b68159p-8,0x1.13bfaeff80878p-81,0x1.0000000000000p+0,ok,1.0
put,10,2,0x1.9000000000000p+6,0x1.2988715b68159p-8,0x1.83a6835ec6d0ep-25,0x1.0000000000000p+1,ok,1.0
put,10,3,0x1.9000000000000p+6,0x1.2988715b68159p-8,0x1.61fbcc84ef26ep-14,0x1.8000000000000p+1,ok,1.0
put,10,5,0x1.9000000000000p+6,0x1.2988715b68159p-8,0x1.6eee89e6dda99p-9,0x1.4000000000000p+2,ok,1.0
put,15,1e-08,0x1.9000000000000p+6,0x1.009c05eaf308cp-15,0x0.0p+0,nan,skip
put,15,1e-07,0x1.9000000000000p+6,0x1.009c05eaf308cp-15,0x0.0p+0,nan,skip
put,15,1e-06,0x1.9000000000000p+6,0x1.009c05eaf308cp-15,0x0.0p+0,nan,skip
put,15,1e-05,0x1.9000000000000p+6,0x1.009c05eaf308cp-15,0x0.0p+0,nan,skip
put,15,0.0001,0x1.9000000000000p+6,0x1.009c05eaf308cp-15,0x0.0p+0,nan,skip
put,15,0.001,0x1.9000000000000p+6,0x1.009c05eaf308cp-15,0x0.0p+0,nan,skip
put,15,0.003,0x1.9000000000000p+6,0x1.009c05eaf308cp-15,0x0.0p+0,nan,skip
put,15,0.01,0x1.9000000000000p+6,0x1.009c05eaf308cp-15,0x0.0p+0,nan,skip
put,15,0.03,0x1.9000000000000p+6,0x1.009c05eaf308cp-15,0x0.0p+0,nan,skip
put,15,0.1,0x1.9000000000000p+6,0x1.009c05eaf308cp-15,0x0.0p+0,nan,skip
put,15,0.2,0x1.9000000000000p+6,0x1.009c05eaf308cp-15,0x0.0p+0,nan,skip
put,15,0.3,0x1.9000000000000p+6,0x1.009c05eaf308cp-15,0x0.0p+0,nan,skip
put,15,0.5,0x1.9000000000000p+6,0x1.009c05eaf308cp-15,0x1.56e1ec3c6db8dp-666,0x1.0000000000000p-1,ok,1.0
put,15,1,0x1.9000000000000p+6,0x1.009c05eaf308cp-15,0x1.22a9564d13b64p-176,0x1.0000000000000p+0,ok,1.0
put,15,2,0x1.9000000000000p+6,0x1.009c05eaf308cp-15,0x1.4373de1063c98p-52,0x1.0000000000000p+1,ok,1.0
put,15,3,0x1.9000000000000p+6,0x1.009c05eaf308cp-15,0x1.aa15c74ae4819p-29,0x1.8000000000000p+1,ok,1.0
put,15,5,0x1.9000000000000p+6,0x1.009c05eaf308cp-15,0x1.f9f3d23416d41p-18,0x1.4000000000000p+2,ok,1.0
put,20,1e-08,0x1.9000000000000p+6,0x1.baa11e64c62c1p-23,0x0.0p+0,nan,skip
put,20,1e-07,0x1.9000000000000p+6,0x1.baa11e64c62c1p-23,0x0.0p+0,nan,skip
put,20,1e-06,0x1.9000000000000p+6,0x1.baa11e64c62c1p-23,0x0.0p+0,nan,skip
put,20,1e-05,0x1.9000000000000p+6,0x1.baa11e64c62c1p-23,0x0.0p+0,nan,skip
put,20,0.0001,0x1.9000000000000p+6,0x1.baa11e64c62c1p-23,0x0.0p+0,nan,skip
put,20,0.001,0x1.9000000000000p+6,0x1.baa11e64c62c1p-23,0x0.0p+0,nan,skip
put,20,0.003,0x1.9000000000000p+6,0x1.baa11e64c62c1p-23,0x0.0p+0,nan,skip
put,20,0.01,0x1.9000000000000p+6,0x1.baa11e64c62c1p-23,0x0.0p+0,nan,skip
put,20,0.03,0x1.9000000000000p+6,0x1.baa11e64c62c1p-23,0x0.0p+0,nan,skip
put,20,0.1,0x1.9000000000000p+6,0x1.baa11e64c62c1p-23,0x0.0p+0,nan,skip
put,20,0.2,0x1.9000000000000p+6,0x1.baa11e64c62c1p-23,0x0.0p+0,nan,skip
put,20,0.3,0x1.9000000000000p+6,0x1.baa11e64c62c1p-23,0x0.0p+0,nan,skip
put,20,0.5,0x1.9000000000000p+6,0x1.baa11e64c62c1p-23,0x0.0p+0,nan,skip
put,20,1,0x1.9000000000000p+6,0x1.baa11e64c62c1p-23,0x1.6e9d0bfebbc83p-307,0x1.0000000000000p+0,ok,1.0
put,20,2,0x1.9000000000000p+6,0x1.baa11e64c62c1p-23,0x1.49386922dfc10p-88,0x1.0000000000000p+1,ok,1.0
put,20,3,0x1.9000000000000p+6,0x1.baa11e64c62c1p-23,0x1.39bbe8a81e640p-47,0x1.8000000000000p+1,ok,1.0
put,20,5,0x1.9000000000000p+6,0x1.baa11e64c62c1p-23,0x1.4f2500a74546bp-27,0x1.4000000000000p+2,ok,1.0
put,25,1e-08,0x1.9000000000000p+6,0x1.7dbfb786ad07cp-30,0x0.0p+0,nan,skip
put,25,1e-07,0x1.9000000000000p+6,0x1.7dbfb786ad07cp-30,0x0.0p+0,nan,skip
put,25,1e-06,0x1.9000000000000p+6,0x1.7dbfb786ad07cp-30,0x0.0p+0,nan,skip
put,25,1e-05,0x1.9000000000000p+6,0x1.7dbfb786ad07cp-30,0x0.0p+0,nan,skip
put,25,0.0001,0x1.9000000000000p+6,0x1.7dbfb786ad07cp-30,0x0.0p+0,nan,skip
put,25,0.001,0x1.9000000000000p+6,0x1.7dbfb786ad07cp-30,0x0.0p+0,nan,skip
put,25,0.003,0x1.9000000000000p+6,0x1.7dbfb786ad07cp-30,0x0.0p+0,nan,skip
put,25,0.01,0x1.9000000000000p+6,0x1.7dbfb786ad07cp-30,0x0.0p+0,nan,skip
put,25,0.03,0x1.9000000000000p+6,0x1.7dbfb786ad07cp-30,0x0.0p+0,nan,skip
put,25,0.1,0x1.9000000000000p+6,0x1.7dbfb786ad07cp-30,0x0.0p+0,nan,skip
put,25,0.2,0x1.9000000000000p+6,0x1.7dbfb786ad07cp-30,0x0.0p+0,nan,skip
put,25,0.3,0x1.9000000000000p+6,0x1.7dbfb786ad07cp-30,0x0.0p+0,nan,skip
put,25,0.5,0x1.9000000000000p+6,0x1.7dbfb786ad07cp-30,0x0.0p+0,nan,skip
put,25,1,0x1.9000000000000p+6,0x1.7dbfb786ad07cp-30,0x1.f4b7d67b4119fp-474,0x1.0000000000000p+0,ok,1.0
put,25,2,0x1.9000000000000p+6,0x1.7dbfb786ad07cp-30,0x1.75eaddbbc63d1p-133,0x1.0000000000000p+1,ok,1.0
put,25,3,0x1.9000000000000p+6,0x1.7dbfb786ad07cp-30,0x1.0357f2e36e3e7p-69,0x1.8000000000000p+1,ok,1.0
put,25,5,0x1.9000000000000p+6,0x1.7dbfb786ad07cp-30,0x1.7e513f7fac8b1p-38,0x1.4000000000000p+2,ok,1.0
put,30,1e-08,0x1.9000000000000p+6,0x1.493df9816c393p-37,0x0.0p+0,nan,skip
put,30,1e-07,0x1.9000000000000p+6,0x1.493df9816c393p-37,0x0.0p+0,nan,skip
put,30,1e-06,0x1.9000000000000p+6,0x1.493df9816c393p-37,0x0.0p+0,nan,skip
put,30,1e-05,0x1.9000000000000p+6,0x1.493df9816c393p-37,0x0.0p+0,nan,skip
put,30,0.0001,0x1.9000000000000p+6,0x1.493df9816c393p-37,0x0.0p+0,nan,skip
put,30,0.001,0x1.9000000000000p+6,0x1.493df9816c393p-37,0x0.0p+0,nan,skip
put,30,0.003,0x1.9000000000000p+6,0x1.493df9816c393p-37,0x0.0p+0,nan,skip
put,30,0.01,0x1.9000000000000p+6,0x1.493df9816c393p-37,0x0.0p+0,nan,skip
put,30,0.03,0x1.9000000000000p+6,0x1.493df9816c393p-37,0x0.0p+0,nan,skip
put,30,0.1,0x1.9000000000000p+6,0x1.493df9816c393p-37,0x0.0p+0,nan,skip
put,30,0.2,0x1.9000000000000p+6,0x1.493df9816c393p-37,0x0.0p+0,nan,skip
put,30,0.3,0x1.9000000000000p+6,0x1.493df9816c393p-37,0x0.0p+0,nan,skip
put,30,0.5,0x1.9000000000000p+6,0x1.493df9816c393p-37,0x0.0p+0,nan,skip
put,30,1,0x1.9000000000000p+6,0x1.493df9816c393p-37,0x1.61b4838e74f7ap-676,0x1.0000000000000p+0,ok,1.0
put,30,2,0x1.9000000000000p+6,0x1.493df9816c393p-37,0x1.c60835768cafbp-187,0x1.0000000000000p+1,ok,1.0
put,30,3,0x1.9000000000000p+6,0x1.493df9816c393p-37,0x1.cd6366113ab04p-96,0x1.8000000000000p+1,ok,1.0
put,30,5,0x1.9000000000000p+6,0x1.493df9816c393p-37,0x1.6234f1616a836p-50,0x1.4000000000000p+2,ok,1.0
